2023-08-18 08:50:23+00:00,1.9896092713625162,0.0,1013.7999877929688,0.0,0,1.6666666666666667,61.88519390299916,6.834925627335906,0.0
2023-08-18 08:50:24.666667+00:00,1.3966793187231816,0.18226274169588946,1013.5555351882833,0.48056266965024436,2.9654142533526002,1.666667,61.88519226387095,6.834914311765912,0.0
2023-08-18 08:50:26.333334+00:00,1.2100161599051116,0.45151449349988226,1013.444434227478,0.37622403562865103,2.8493479458702518,1.666667,61.88518984243177,6.834910749456352,0.0
2023-08-18 08:50:28.000001+00:00,1.0233530010870415,0.7207662453038751,1013.3333332666728,0.2806910018430563,2.6497576302529375,1.666667,61.885187420992594,6.834907187146792,0.0
2023-08-18 08:50:29.666668+00:00,0.8366898422689715,0.9900179971078679,1013.2222323058675,0.20656529247242944,2.2802980428577295,1.666667,61.88518499955341,6.834903624837231,0.0
2023-08-18 08:50:31.333335+00:00,0.7505564902267331,0.9775906974158186,1013.2000122070312,0.10362413561972098,2.4301628619258113,1.666667,61.885185111314804,6.834901981054572,0.0
2023-08-18 08:50:33.000002+00:00,0.6895551709844476,0.8947444208576,1013.2000122070312,0.06172900662594115,-2.20548729033937,1.666667,61.88518585636927,6.8349008168956455,0.0
2023-08-18 08:50:34.666669+00:00,0.5094805198190991,1.2520210913965684,1013.2000122070312,0.2587068153670715,1.8049478954375509,1.666667,61.885182643302976,6.834897380322218,0.0
2023-08-18 08:50:36.333336+00:00,0.6119624385392419,1.4384255911227293,1013.2000122070312,0.15181884888056404,1.2265218478972588,1.666667,61.88518096692704,6.834899336103536,0.0
2023-08-18 08:50:38.000003+00:00,0.5962237694543872,1.5075506895691129,1013.3000033517303,0.06881350623829086,0.9343072097589162,1.666667,61.88518034527009,6.834899035744259,0.0
2023-08-18 08:50:39.666670+00:00,0.4845918803573061,1.550268515576477,1013.4666547929382,0.043247429631655655,2.0264869038309254,1.666667,61.88517996109945,6.834896905343444,0.0
2023-08-18 08:50:41.333337+00:00,0.37845014345963035,1.5937630377176555,1013.5666500240478,0.06930369954497999,2.756726527498206,1.666667,61.885179569943816,6.834894879717571,0.0
2023-08-18 08:50:43.000004+00:00,0.2942686047007087,1.6403644018689734,1013.4000241473796,0.05773173137201537,2.6360038391035303,1.666667,61.885179150847684,6.834893273183629,0.0
2023-08-18 08:50:44.666671+00:00,0.1625063749467769,1.7283890130356634,1013.2889062323609,0.07841860451872183,2.5798806082995625,1.666667,61.88517835922333,6.8348907586121745,0.0
2023-08-18 08:50:46.333338+00:00,0.05392485735371949,1.76774052046605,1013.2000122070312,0.0874782147011089,2.6052288890690285,1.666667,61.88517800532673,6.834888686425137,0.19545345361012806
2023-08-18 08:50:48.000005+00:00,0.03806458895741288,1.6124029713483616,1013.2000122070312,0.0560301993898726,3.0675969402821583,1.666667,61.88517940231087,6.834888383745239,1.1727072355612744
2023-08-18 08:50:49.666672+00:00,0.022204320561106272,1.4570654222306736,1013.2000122070312,0.051603357785679906,-2.3581366473225915,1.666667,61.88518079929501,6.834888081065341,2.1499610175124206
2023-08-18 08:50:51.333339+00:00,0.00634405216479967,1.3017278731129853,1013.2000122070312,0.07888604388963447,-1.7911550840971506,1.666667,61.885182196279146,6.834887778385444,3.127214799463567
2023-08-18 08:50:53.000006+00:00,0.3074469859409936,1.8127922748183034,1013.2000122070312,0.28247117710890546,1.015299951424188,1.666667,61.885177600166564,6.834893524681963,4.0673887921022684
2023-08-18 08:50:54.666673+00:00,0.8945216151203239,2.6531673465121974,1013.1333408379821,0.620353999697036,0.9814997141418487,1.666667,61.88517004249197,6.834904728508028,4.993239463478407
2023-08-18 08:50:56.333340+00:00,1.5972535796105056,3.560343369911097,1012.9333279309081,0.7672094456963235,0.9866550666725633,1.666667,61.88516188406199,6.834918139557168,6.135859141458949
2023-08-18 08:50:58.000007+00:00,3.12277688735516,6.822444637505653,1012.5999741860657,2.8047577031063864,1.113420811542666,1.666667,61.885132547280485,6.834947252887822,9.712644344961355
2023-08-18 08:50:59.666674+00:00,6.138667923945155,11.78547933181579,1012.2666713036499,3.3696401542451424,1.03703986012547,1.666667,61.88508791363717,6.835004808634445,15.518360709302758
2023-08-18 08:51:01.333341+00:00,9.484454374087345,19.65852026337237,1011.9333277308959,4.389735624354867,1.1182355694483892,1.666667,61.88501710967903,6.835068660157872,24.04960154260642
2023-08-18 08:51:03.000008+00:00,12.91272955906044,28.259033544185325,1011.5999729192708,5.555166734414777,1.1914872588537306,1.666667,61.88493976340487,6.835134085909501,33.26220666032717
2023-08-18 08:51:04.666675+00:00,19.91808810764448,34.9799715026773,1011.0444172526041,5.577929539490146,0.9489549772032899,1.666667,61.884879320557694,6.835267777291825,42.90718349882032
2023-08-18 08:51:06.333342+00:00,27.257252916916098,41.82621831700864,1010.3333060550538,6.154059250316002,0.7418197371343419,1.666667,61.8848177507809,6.835407839086186,52.89362371483216
2023-08-18 08:51:08.000009+00:00,35.944768063186544,49.88203546774727,1008.5999629862671,7.308013487673997,0.7756301407533545,1.666667,61.88474530307673,6.835573633013908,64.74028923410269
2023-08-18 08:51:09.666676+00:00,42.48309333409009,60.15917749245286,1006.3999928688964,7.411437117421381,1.0556604346924345,1.666667,61.88465287851803,6.835698411458507,76.65924446129833
2023-08-18 08:51:11.333343+00:00,46.758767218023664,72.3221110275405,1004.7333296691285,7.8250651967602405,1.25927513655894,1.666667,61.884543494628836,6.83578000910236,88.90476146821962
2023-08-18 08:51:13.000010+00:00,50.429814699775314,84.28310095816607,1003.4000154138183,7.507000076022858,1.2730046289067773,1.666667,61.88443592686211,6.835850067959306,101.39390177045355
2023-08-18 08:51:14.666677+00:00,54.99391193597401,96.01885279400742,1001.899974423706,7.544384415426061,1.2120051513616388,1.666667,61.88433038471023,6.835937169920518,113.9820316772777
2023-08-18 08:51:16.333344+00:00,60.25050401940407,108.95071450430446,1000.1999790625,8.617449057020842,1.1756175205920356,1.666667,61.88421408568382,6.836037487564087,127.93509003690939
2023-08-18 08:51:18.000011+00:00,67.59406822370883,122.05808784329902,998.1999946066284,9.103318744741026,1.0136254459338159,1.666667,61.88409620824341,6.836177633317206,142.82075308995712
2023-08-18 08:51:19.666678+00:00,76.11761633195049,134.0656793462282,995.5333070622559,8.758182627996002,0.9610100205483197,1.666667,61.88398822137868,6.8363402980717645,157.23439258307127
2023-08-18 08:51:21.333345+00:00,83.88573201935534,145.85579826175214,992.8666672070312,8.442563422805856,0.989401812127759,1.666667,61.88388219029191,6.83648854603325,171.20892182218958
2023-08-18 08:51:23.000012+00:00,92.92317422884649,157.41911650977684,991.1999978068848,8.961664824712384,0.8717389337685334,1.666667,61.88377819887254,6.836661018024981,185.59281487945896
2023-08-18 08:51:24.666679+00:00,103.41437378422759,167.82983711862423,989.1999770618286,8.807474931320195,0.7816083869315085,1.666667,61.88368457301278,6.836861233754279,199.99129531839802
2023-08-18 08:51:26.333346+00:00,113.09449810481756,178.0448343560596,987.0666301242676,8.36666856444373,0.8216232568124048,1.666667,61.88359270733557,6.837045970794149,213.9932318513362
2023-08-18 08:51:28.000013+00:00,122.91665843525337,188.3996342692708,984.7999747929688,8.73048296704258,0.7985249252338301,1.666667,61.883499584382704,6.837233418471934,228.21524935400532
2023-08-18 08:51:29.666680+00:00,134.95826974678576,198.3567680920317,982.9999636547851,9.453936256596291,0.6755967524863714,1.666667,61.88341003772691,6.837463222507015,243.62297473076114
2023-08-18 08:51:31.333347+00:00,146.97058168129348,207.98148278262363,980.799991737854,9.128407504871676,0.6841430449200552,1.666667,61.88332348058819,6.837692467388101,258.88921477482427
2023-08-18 08:51:33.000014+00:00,158.2311288749534,217.5300792901889,979.3999854963989,8.867253915549922,0.7052936672723122,1.666667,61.88323760799673,6.837907365470706,273.6632669243969
2023-08-18 08:51:34.666681+00:00,169.76398918567412,226.2087723438601,978.5333398075561,8.563828334601617,0.6106076511338748,1.666667,61.88315955863499,6.838127460420364,288.0705712668454
2023-08-18 08:51:36.333348+00:00,180.2083191596918,234.79584935187975,977.8666526616211,8.037165603519927,0.7288647641594512,1.666667,61.88308233319614,6.8383267816830795,301.59221048327635
2023-08-18 08:51:38.000015+00:00,189.30942660614474,244.917652466711,976.6999681895447,8.136559356869924,0.8321886653485774,1.666667,61.88299130563382,6.83850046867237,315.164281214278
2023-08-18 08:51:39.666682+00:00,198.31098330267818,255.76022118685555,975.2666503311767,8.42800375414018,0.8754638947731556,1.666667,61.88289379607068,6.838672255819235,329.14566213968226
2023-08-18 08:51:41.333349+00:00,207.33083966765696,267.29559601729824,973.8666632070313,8.841365499147628,0.9124017155912689,1.666667,61.88279005595251,6.838844392199898,343.6374082713176
2023-08-18 08:51:43.000016+00:00,216.39315673647945,279.961825506173,971.9999807998047,9.49360716108792,0.9575588748068167,1.666667,61.88267614581406,6.8390173389074205,358.98271350547327
2023-08-18 08:51:44.666683+00:00,225.86832728626146,292.61251037272325,969.7333112694092,9.437855770650076,0.9194982723903546,1.666667,61.88256237547176,6.839198164576767,374.6426953593876
2023-08-18 08:51:46.333350+00:00,234.99943533720534,304.34359350373194,967.5333018615722,8.762862531937994,0.914132474737935,1.666667,61.88245687530655,6.839372424102388,389.42197525212856
2023-08-18 08:51:48.000017+00:00,242.2580486234812,315.85410509181105,965.4000074140625,7.9955685183772705,1.0473425286028109,1.666667,61.88235335878889,6.839510948638608,402.76621165115915
2023-08-18 08:51:49.666684+00:00,248.63974183422357,327.07257856076586,963.8666446611328,7.757874438764501,1.0333034279653857,1.666667,61.88225246863313,6.839632737891935,415.46911165595145
2023-08-18 08:51:51.333351+00:00,256.72264387751045,337.2005671720714,962.333308600647,7.771735068719181,0.8613518043222612,1.666667,61.882161385443304,6.839786993286554,428.4929595841855
2023-08-18 08:51:53.000018+00:00,265.8215622508725,345.93052844776344,959.7999589934082,7.508401602405571,0.7447047355409733,1.666667,61.882082875015364,6.839960638499223,441.03175340690393
2023-08-18 08:51:54.666685+00:00,275.34651207357945,354.07642630055216,957.266636930542,7.541258923429769,0.6969008913579541,1.666667,61.882009617195976,6.840142414164171,453.34830004694055
2023-08-18 08:51:56.333352+00:00,285.94021100617266,361.43630523333513,954.9333234755859,7.792197762508856,0.5830875189441135,1.666667,61.88194342821456,6.8403445860079675,465.83570997461356
2023-08-18 08:51:58.000019+00:00,296.9130645554341,367.87970115435354,952.5999527868653,7.508288738835717,0.5253276530679638,1.666667,61.88188548136289,6.840553993699076,478.0550419986809
2023-08-18 08:51:59.666686+00:00,307.1392805605876,373.97825046953284,950.4666477375488,7.159027450568061,0.5300379194708892,1.666667,61.88183063579125,6.840749152439945,489.8306669631898
2023-08-18 08:52:01.333353+00:00,318.42107378147955,379.80340290405377,947.9333220755615,7.74662134518534,0.4622491349753286,1.666667,61.88177824893683,6.840964455985129,502.6071175220677
2023-08-18 08:52:03.000020+00:00,329.831657950518,385.0755560049627,945.3999884130859,7.314430369599562,0.4353960165050289,1.666667,61.8817308353249,6.841182217397354,515.1277145729124
2023-08-18 08:52:04.666687+00:00,339.75628385237655,390.17683848222066,942.2666015859375,6.702491332076106,0.46841184563972876,1.666667,61.8816849583894,6.841371620544484,526.2808215445864
2023-08-18 08:52:06.333354+00:00,350.5535071686507,395.8777427613969,939.2666295314941,7.629253482752248,0.48506136265491606,1.666667,61.88163368892548,6.841577676480152,538.4890137016104
2023-08-18 08:52:08.000021+00:00,364.28751676508074,402.70950078562066,936.9999622002564,9.453214332007322,0.47404376381205177,1.666667,61.88157224944951,6.841839778514625,553.8174276008773
2023-08-18 08:52:09.666688+00:00,376.340809832474,409.77424501109886,933.73329046875,8.086594732996232,0.5380962284729202,1.666667,61.88150871467829,6.842069805486203,567.7814493870732
2023-08-18 08:52:11.333355+00:00,386.4045023292022,415.3850096376369,930.1999528622437,6.69352880061576,0.4900141555624878,1.666667,61.88145825585974,6.842261862602458,579.3031855825732
2023-08-18 08:52:13.000022+00:00,397.017251792529,419.8307733933007,927.7999569937745,7.150872986926483,0.3749741450071046,1.666667,61.881418274145744,6.8424643980096285,590.7523059737886
2023-08-18 08:52:14.666689+00:00,409.7718449930966,424.6369173699116,925.4666435374755,8.28421645800068,0.3558572108472564,1.666667,61.88137505145455,6.842707808705047,604.2760794886688
2023-08-18 08:52:16.333356+00:00,422.30387280565685,429.011211222051,922.5999754763184,7.782263019976758,0.3322313209825653,1.666667,61.88133571248483,6.842946971927025,617.4227807092975
2023-08-18 08:52:18.000023+00:00,433.0981077902944,432.9536822953358,919.799960192688,6.671731495911644,0.3612412998205137,1.666667,61.88130025699066,6.843152970832894,628.8390706845364
2023-08-18 08:52:19.666690+00:00,443.26576749518057,437.64489141477765,917.9332855859375,6.872347582859864,0.4499151195694533,1.666667,61.88125806793347,6.843347012075968,640.032601939973
2023-08-18 08:52:21.333357+00:00,454.7920578349945,442.5877217200514,916.1999634631347,7.6604331765989295,0.38673696324257495,1.666667,61.88121361599259,6.843566981643252,652.5573876792772
2023-08-18 08:52:23.000024+00:00,466.82486283283873,447.1857075817844,914.1999834067383,7.684529988593697,0.367202169034192,1.666667,61.8811722653123,6.843796617617235,665.3891069876682
2023-08-18 08:52:24.666691+00:00,477.85335763686845,451.14680606228234,912.1999626616821,6.9581264039196435,0.3334210719300089,1.666667,61.88113664229783,6.844007087174942,677.0465755608792
2023-08-18 08:52:26.333358+00:00,489.4997014349317,455.6019095576741,909.7333028684083,7.700752204846875,0.37678572595939264,1.666667,61.881096576589535,6.8442293478616145,689.4788814845459
2023-08-18 08:52:28.000025+00:00,502.76525198562274,461.1288348535416,907.1999722061157,8.898422824866762,0.4013730149792335,1.666667,61.881046871756205,6.844482509748778,703.8357159477897
2023-08-18 08:52:29.666692+00:00,516.8213497556479,467.273988061767,904.3999381242676,9.163721515365728,0.41379417843941274,1.666667,61.88099160706569,6.844750758565441,719.1717737110034
2023-08-18 08:52:31.333359+00:00,530.0795373904921,472.65175095951236,901.2666215316162,8.405217597164741,0.37462553744573995,1.666667,61.88094324368203,6.845003779937541,733.4618176668855
2023-08-18 08:52:33.000026+00:00,542.6716212075426,476.9452682832516,899.1999966060791,7.960131433925961,0.3117938949172657,1.666667,61.880904631153086,6.845244089277908,746.6958877852248
2023-08-18 08:52:34.666693+00:00,555.7717199578158,480.6050145915093,898.0666293242798,8.193621133776407,0.26313379336694676,1.666667,61.88087171826381,6.845494093656465,760.1399619705237
2023-08-18 08:52:36.333360+00:00,568.1105018619135,484.2647720467873,896.4666277929688,7.806842951020437,0.2818872437497915,1.666667,61.880838805274294,6.8457295689426365,772.9007605283956
2023-08-18 08:52:38.000027+00:00,579.793408384543,487.94782433723674,894.8999695966492,7.390740761510126,0.3041731312334903,1.666667,61.88080568278929,6.845952527398188,785.0775910939583
2023-08-18 08:52:39.666694+00:00,591.7486571568566,491.72097809525576,893.1999590616455,7.745778474753604,0.30281745366469115,1.666667,61.88077175000232,6.846180683276765,797.5450938560341
2023-08-18 08:52:41.333361+00:00,604.0874304656666,496.2102519798211,891.133282393982,7.785979899136226,0.368605592544738,1.666667,61.88073137699232,6.846416158398902,810.6526257369113
2023-08-18 08:52:43.000028+00:00,614.394121940672,501.30842537976196,888.7999681934814,6.612913804884612,0.48215852767879164,1.666667,61.88068552801743,6.846612852946501,822.1355219738226
2023-08-18 08:52:44.666695+00:00,622.9476866888648,506.0928218925868,887.6333318110657,6.00214929506258,0.5048802522132536,1.666667,61.88064250090588,6.846776090543415,831.8867069957296
2023-08-18 08:52:46.333362+00:00,632.9945885149981,509.16225533522424,886.4666547376709,6.213948865612872,0.32992668313686396,1.666667,61.88061489682775,6.846967827223828,842.326668667425
2023-08-18 08:52:48.000029+00:00,644.6511944761188,511.15987958768574,884.7999413936767,7.547424855025481,0.12504995248166081,1.666667,61.88059693176124,6.84719028375526,853.8292699056483
2023-08-18 08:52:49.666696+00:00,657.3721034379997,512.6946083134878,882.1332741918945,7.660304459813681,0.11298645518925736,1.666667,61.880583129614216,6.847433051615283,866.1587599745029
2023-08-18 08:52:51.333363+00:00,669.8411976605652,514.4841103340381,879.3999481235962,7.540970938977534,0.153864541085404,1.666667,61.88056703623591,6.847671013802569,878.3771677932399
2023-08-18 08:52:53.000030+00:00,682.3176134124692,516.4351482994077,878.2000032064819,7.610639424577798,0.14749043448428056,1.666667,61.88054949012995,6.847909115715092,890.6833676888615
2023-08-18 08:52:54.666697+00:00,694.5019596027703,518.4234689281141,877.6999725888977,7.441085865365654,0.15932835673800194,1.666667,61.88053160873294,6.848141643725414,902.7510733446475
2023-08-18 08:52:56.333364+00:00,706.6365278158081,520.5857715785312,877.2666345859375,7.402166354256502,0.16783080041446727,1.666667,61.880512162678016,6.848373221764863,914.8535979048804
2023-08-18 08:52:58.000031+00:00,718.7586529531699,522.7915647760024,876.8499678359375,7.396125067543226,0.17542980575593684,1.666667,61.88049232550321,6.848604562338665,926.9648261989091
2023-08-18 08:52:59.666698+00:00,730.7636506272205,525.7771889644195,876.0666253243409,7.415372419194134,0.2331663585187665,1.666667,61.880465475139815,6.848833667633236,939.2456317114916
2023-08-18 08:53:01.333365+00:00,742.648609025027,529.8439176065025,874.666635,7.546579599329731,0.32429075294022913,1.666667,61.88042890217048,6.84906048207907,951.8019066083256
2023-08-18 08:53:03.000032+00:00,754.9142186780572,533.3141552215285,872.7999557929687,7.683502940330816,0.2613387478390268,1.666667,61.88039769357383,6.849294560934305,964.5067274547044
2023-08-18 08:53:04.666699+00:00,767.6102444971561,536.7626443102599,870.8666336082154,7.907694882283906,0.25985549077244585,1.666667,61.88036668056638,6.849536853920454,977.6099815956243
2023-08-18 08:53:06.333366+00:00,780.4863436673667,539.6922907724245,868.1999330623779,7.913097941592522,0.21202137877025296,1.666667,61.88034033362277,6.8497825834552195,990.7065680369927
2023-08-18 08:53:08.000033+00:00,793.2921575139547,541.7303211606675,865.5999458861389,7.745340537394625,0.14490764860098865,1.666667,61.88032200517515,6.850026971653635,1003.5738076006096
2023-08-18 08:53:09.666700+00:00,805.5972857481968,544.114752539624,864.099955758667,7.556739605205795,0.1834640467188961,1.666667,61.88030056146858,6.850261804687791,1016.107076683226
2023-08-18 08:53:11.333367+00:00,818.3475046324705,547.4250236096295,862.2666085859375,8.05907299163366,0.2688349079918912,1.666667,61.880270791485636,6.850505131903058,1029.263559794869
2023-08-18 08:53:13.000034+00:00,832.4343459284062,551.3302170152322,859.1999884066162,8.95241602496988,0.27085953422794357,1.666667,61.880235671237585,6.850773967434084,1043.852844573378
2023-08-18 08:53:14.666701+00:00,845.8411528058688,555.4699626992185,858.0333011615601,8.507252063751032,0.2944710561028999,1.666667,61.88019844161022,6.851029825079567,1057.8321749851384
2023-08-18 08:53:16.333368+00:00,857.1631243391291,559.1592132642065,856.333285255371,6.790656878217685,0.3192416370521359,1.666667,61.88016526338279,6.8512458953940865,1069.6836416651092
2023-08-18 08:53:18.000035+00:00,867.759780643633,562.4865370477238,855.1999947070312,6.771475408653486,0.29754351671523355,1.666667,61.88013534004111,6.851448123676842,1080.7530173977004
2023-08-18 08:53:19.666702+00:00,880.2113113553795,565.5311530104306,854.3666612070313,7.536171789566033,0.24845208332098945,1.666667,61.880107959151935,6.85168575067928,1093.5699052989087
2023-08-18 08:53:21.333369+00:00,893.4753963326503,568.5478052280874,853.3332844553833,8.274900602623408,0.21913041544128575,1.666667,61.88008082974677,6.851938884597207,1107.1726819793746
2023-08-18 08:53:23.000036+00:00,906.5242240861731,571.2382365228723,851.5999323876953,7.832320681014901,0.19641512884178858,1.666667,61.88005663411684,6.852187910511867,1120.4930217811643
2023-08-18 08:53:24.666703+00:00,918.7459011593143,573.3259667725453,849.5999726755981,7.4187051570775875,0.16320647016595596,1.666667,61.88003785870764,6.8524211509507245,1132.8740246912735
2023-08-18 08:53:26.333370+00:00,930.7611467221838,574.8296141665915,847.8666422070313,7.227021125908767,0.11286632912351233,1.666667,61.880024336081746,6.8526504518176425,1144.9283180462423
2023-08-18 08:53:28.000037+00:00,942.8598614009509,575.5441605687425,846.3999911131592,7.3416084120142,0.0431770511677812,1.666667,61.88001791001157,6.852881345622512,1156.9007128214369
2023-08-18 08:53:29.666704+00:00,955.3992335991999,576.250946417228,844.8999501230469,7.5031526765202585,0.05416500532141684,1.666667,61.88001155373372,6.85312064900592,1169.3147208871637
2023-08-18 08:53:31.333371+00:00,968.0059575410227,577.6505648035836,843.1999466638183,7.649313073995513,0.12665156672958824,1.666667,61.87999896666317,6.853361237740768,1181.9419558688858
2023-08-18 08:53:33.000038+00:00,980.9567203435445,579.4120855570122,841.1999590061035,7.881235832331666,0.12687681496918635,1.666667,61.87998312492645,6.853608392168227,1194.9831204439247
2023-08-18 08:53:34.666705+00:00,993.5165741242502,580.9437098749431,838.99993365448,7.486126045695678,0.11938819911379522,1.666667,61.87996935069803,6.85384808642543,1207.5979624945635
2023-08-18 08:53:36.333372+00:00,1005.5098671553451,582.7270021663662,836.7332832680664,7.280167011925359,0.15769498134695567,1.666667,61.87995331316516,6.854076968346723,1219.708269829704
2023-08-18 08:53:38.000039+00:00,1018.0390036308188,585.3398160038946,834.3999620126343,7.82130941633277,0.22472749692890995,1.666667,61.879929815565795,6.854316076389961,1232.5063848656587
2023-08-18 08:53:39.666706+00:00,1030.6208199791868,589.2791886715498,831.7332744699708,7.854835336274618,0.3169521086757111,1.666667,61.879894387936254,6.854556189784314,1245.6178084576247
2023-08-18 08:53:41.333373+00:00,1042.0167445753518,594.1039916883061,828.8666154055786,7.294415627629264,0.42168452412421525,1.666667,61.879850997440286,6.854773671430908,1257.75232850802
2023-08-18 08:53:43.000040+00:00,1051.8930313915212,598.8914666707434,826.5999355859375,6.353213853529693,0.4508160738059652,1.666667,61.87980794264339,6.854962152067199,1268.4055025446542
2023-08-18 08:53:44.666707+00:00,1061.498511712368,602.5543137146934,824.666610201477,6.2251924656854785,0.346766440704553,1.666667,61.87977500186853,6.855145464589047,1278.5691073110288
2023-08-18 08:53:46.333374+00:00,1071.7584015601706,605.5523144602489,822.666626,6.4274892644037855,0.2735945602880859,1.666667,61.87974804020008,6.855341265966911,1289.2437393688583
2023-08-18 08:53:48.000041+00:00,1081.680089217598,608.7709309360444,820.9999507994995,6.238557603002666,0.3444076342267899,1.666667,61.8797190944867,6.855530613040114,1299.6479578963108
2023-08-18 08:53:49.666708+00:00,1091.6574298214935,612.1759119649698,818.8666210085449,6.361169455068883,0.3076300375801483,1.666667,61.879688472756634,6.855721022203043,1310.1281714230527
2023-08-18 08:53:51.333375+00:00,1102.0578636259108,614.384781385873,816.666625,6.367070971083519,0.18848159918239096,1.666667,61.879668607916685,6.855919505744241,1320.7598054243085
2023-08-18 08:53:53.000042+00:00,1112.301644810871,616.2736953481324,814.7999289945068,6.224767905260804,0.1928460629502521,1.666667,61.87965162050531,6.856114999701809,1331.1685793104673
2023-08-18 08:53:54.666709+00:00,1122.8206748670175,618.262008110547,812.4666155369873,6.489059029202976,0.17710968575701552,1.666667,61.879633739179035,6.856315746552832,1341.8680129420804
2023-08-18 08:53:56.333376+00:00,1134.1258976915524,619.41147747269,810.3332736015625,6.9017104725300005,0.08291963469079555,1.666667,61.87962340175271,6.856531497232318,1353.1540381139675
2023-08-18 08:53:58.000043+00:00,1145.6199281069617,620.1602224810747,807.7999275945434,6.819889746274501,0.06975681124654211,1.666667,61.87961666812708,6.856750851146048,1364.5421767575558
2023-08-18 08:53:59.666710+00:00,1156.0218089546413,621.6670047602132,805.333263998413,6.220973696770853,0.15392399605336216,1.666667,61.879603117308484,6.856949362302851,1375.027437741812
2023-08-18 08:54:01.333377+00:00,1165.9010481708945,623.7454153925804,802.8666090054321,6.048445266780733,0.20955225064096064,1.666667,61.87958442571261,6.8571378992832175,1385.1228281168303
2023-08-18 08:54:03.000044+00:00,1176.4391351218887,625.1745171629639,800.1999418054199,6.571607010800109,0.12799237815020198,1.666667,61.87957157349162,6.857339009819068,1395.725969862309
2023-08-18 08:54:04.666711+00:00,1187.8717040078159,626.5539174828147,797.5332542630615,6.907907376023101,0.12263640115192616,1.666667,61.87955916824651,6.857557190791145,1407.1950052514
2023-08-18 08:54:06.333378+00:00,1198.8665126933515,627.9239909342041,794.6665951983642,6.574958911128437,0.12316415202598296,1.666667,61.87954684687995,6.857767017477583,1418.2354948700768
2023-08-18 08:54:08.000045+00:00,1210.1571222506432,630.1515651763261,791.7999067935181,7.188690747988508,0.23954571729426147,1.666667,61.879526813823496,6.857982489275141,1429.74278251653
2023-08-18 08:54:09.666712+00:00,1222.9834558116693,632.9072663572097,788.9332770771484,7.95996690074121,0.21914691027006022,1.666667,61.87950203120738,6.858227269075066,1442.8616850126052
2023-08-18 08:54:11.333379+00:00,1235.2856072171153,635.6039322382311,785.9998974555053,7.386278615450513,0.2196414979311902,1.666667,61.87947777950848,6.858462045298945,1455.455527415659
2023-08-18 08:54:13.000046+00:00,1246.7430937675215,638.4559074280095,782.999926401123,7.101302479294518,0.21963114640531126,1.666667,61.8794521310794,6.858680701803714,1467.2548843709565
2023-08-18 08:54:14.666713+00:00,1259.4069293775979,640.9661660971117,780.3332591983033,7.871127865970315,0.19543564584582673,1.666667,61.879429555780824,6.858922380466769,1480.1641329571726
2023-08-18 08:54:16.333380+00:00,1272.6329242560166,643.5820521596843,777.4666001391602,8.085516644534858,0.19606174792623443,1.666667,61.879406030552275,6.859174787467159,1493.645275632895
2023-08-18 08:54:18.000047+00:00,1285.415328315997,646.5272883914696,774.5998909865112,7.832337833345931,0.2427541708722539,1.666667,61.8793795434065,6.859418728909464,1506.7603313169218
2023-08-18 08:54:19.666714+00:00,1298.7013676609292,650.6592803954757,771.5999107315674,8.44880977174109,0.30706574129515607,1.666667,61.87934238350965,6.859672281808052,1520.6146679608767
2023-08-18 08:54:21.333381+00:00,1312.127920692306,654.6700493459919,769.3332666017455,8.318345469864944,0.2765205008184515,1.666667,61.87930631379792,6.8599285162922925,1534.583016390019
2023-08-18 08:54:23.000048+00:00,1324.6540828117209,657.348031581405,767.1999546064453,7.508603077852839,0.21007180760146396,1.666667,61.87928223012507,6.860167567572445,1547.3922395019056
2023-08-18 08:54:24.666715+00:00,1336.5522208381165,658.9821929305534,765.1999338613891,7.261428954956115,0.14339181423933045,1.666667,61.879267533758984,6.860394633540418,1559.3688894442466
2023-08-18 08:54:26.333382+00:00,1349.6333399281532,660.5262282719112,762.9332814748535,8.093650496217377,0.10652644315696128,1.666667,61.879253647915554,6.860644275708105,1572.485319638423
2023-08-18 08:54:28.000049+00:00,1363.9105299364385,661.7472051447917,760.3999264140625,8.685269067236401,0.08703418570669863,1.666667,61.879242667406736,6.860916743884385,1586.7077123813942
2023-08-18 08:54:29.666716+00:00,1379.0310046082514,663.875341031613,757.0665924140625,9.314276367189903,0.14425990002071745,1.666667,61.8792235286209,6.861205305439979,1601.9442141611007
2023-08-18 08:54:31.333383+00:00,1394.275848429211,666.2613267069014,753.8665994052124,9.128963411230464,0.15788200199177524,1.666667,61.87920207093621,6.861496240476296,1617.3559253475491
2023-08-18 08:54:33.000050+00:00,1407.8751489737367,668.6162570073332,751.3999644134522,8.075975672018275,0.17398903960889991,1.666667,61.87918089253921,6.86175577170169,1631.150427545449
2023-08-18 08:54:34.666717+00:00,1421.1348215817895,671.6608893457212,749.5332952070313,8.183883991704947,0.23603225703921618,1.666667,61.87915351150277,6.862008821413256,1644.7518597717924
2023-08-18 08:54:36.333384+00:00,1433.502869013202,674.1245085836598,748.133280592041,7.6725457614897525,0.2059337234476767,1.666667,61.87913135564268,6.862244855207428,1657.3625617602731
2023-08-18 08:54:38.000051+00:00,1445.3922091103775,675.9978566827425,746.1999408057861,7.09948950097946,0.13828431133624686,1.666667,61.879114508218464,6.862471753274314,1669.385237949109
2023-08-18 08:54:39.666718+00:00,1457.678328859205,677.2591799252945,743.9999180543213,7.52525420739112,0.08846143147464859,1.666667,61.879103164866024,6.862706223547496,1681.6743882810629
2023-08-18 08:54:41.333385+00:00,1471.4182556370577,678.0420821626583,741.733265067749,8.43965143221653,0.05487743448116766,1.666667,61.87909612405705,6.862968438506406,1695.295226535188
2023-08-18 08:54:43.000052+00:00,1486.0760826175442,679.4090699585217,738.999948,8.909368174498105,0.111116542448012,1.666667,61.87908383044046,6.863248170819506,1709.934827988208
2023-08-18 08:54:44.666719+00:00,1500.912507853707,680.7791364383634,737.0665771226807,8.925530107060263,0.08607948921455094,1.666667,61.87907150913659,6.863531311530266,1724.7532097998787
2023-08-18 08:54:46.333386+00:00,1515.9568370339805,682.000093981043,734.9999571444092,9.095853328074998,0.0820660364961383,1.666667,61.8790605288016,6.863818419913128,1739.7493706429811
2023-08-18 08:54:48.000053+00:00,1530.4843226424332,683.2117219430685,733.2999706108703,8.808370337035512,0.08368830008252354,1.666667,61.87904963236956,6.86409566477065,1754.2399684889087
2023-08-18 08:54:49.666720+00:00,1544.5535966415828,684.0784829065454,731.7999601367187,8.464466350404058,0.06482563020321243,1.666667,61.87904183740094,6.864364165044576,1768.2181127629942
2023-08-18 08:54:51.333387+00:00,1558.8930430941357,684.7107372049472,730.3666107904357,8.576538794893693,0.04203379192277418,1.666667,61.879036151401436,6.864637821332789,1782.4203875701232
2023-08-18 08:54:53.000054+00:00,1574.6202876163622,686.1010057530829,729.1999636073608,9.473146634665756,0.08816953894988537,1.666667,61.879023648416,6.864937962581199,1798.131493717269
2023-08-18 08:54:54.666721+00:00,1589.0628920221684,687.4136080431274,727.699973479889,8.82989940752136,0.09019425307391306,1.666667,61.8790118439,6.865213587552281,1812.5684871123817
2023-08-18 08:54:56.333388+00:00,1601.4001429065593,688.6889278003185,726.1999426606445,7.651617016412065,0.10066107833976817,1.666667,61.879000374673886,6.865449033620227,1824.930386580324
2023-08-18 08:54:58.000055+00:00,1613.9907986936332,689.9782307348697,724.8999553974915,7.516103466500823,0.10279413433685076,1.666667,61.878988779694026,6.865689315707842,1837.5451574401807
2023-08-18 08:54:59.666722+00:00,1627.9152057280762,691.3389922954415,723.5332902070312,8.720705025172517,0.09633695233747196,1.666667,61.87897654207131,6.865955051317457,1851.485434551042
2023-08-18 08:55:01.333389+00:00,1643.775017268223,692.376619707097,721.5332472606201,9.641128978414686,0.056097597953983086,1.666667,61.878967210463806,6.8662577224960275,1867.2734972211736
2023-08-18 08:55:03.000056+00:00,1659.541059797112,692.6996879431975,719.1999226049804,9.33343114034587,0.007986942451923164,1.666667,61.87896430504136,6.866558604171797,1882.8457273328493
2023-08-18 08:55:04.666723+00:00,1674.2442455559697,692.2678458900635,716.5332350633545,8.754826759328001,-0.03158834025313921,1.666667,61.878968188690244,6.866839202119075,1897.2462566989213
2023-08-18 08:55:06.333390+00:00,1689.1861348233133,691.8297992712216,714.4665977929687,9.10527415994868,-0.027299255400943665,1.666667,61.87897212813813,6.867124355522264,1911.8889182020966
2023-08-18 08:55:08.000057+00:00,1705.7501423048514,691.6558429640838,712.5998957880249,10.17210837312031,-0.0036638293160521284,1.666667,61.878973692564784,6.867440465688743,1928.1829076140662
2023-08-18 08:55:09.666724+00:00,1722.3199468226433,692.0752650090686,710.1332293908691,9.816491166912227,0.030704742248456564,1.666667,61.878969920611716,6.867756686486788,1944.5895818380804
2023-08-18 08:55:11.333391+00:00,1737.6672743630731,692.7028260158156,707.5332444605713,9.081662138932861,0.041061865554103835,1.666667,61.87896427681999,6.868049577338788,1959.8293526043128
2023-08-18 08:55:13.000058+00:00,1752.5081136242657,693.296220305568,705.3999548133545,8.928500181295659,0.04281213262781115,1.666667,61.87895894029694,6.868332802287508,1974.5669515427523
2023-08-18 08:55:14.666725+00:00,1768.1131733840941,694.0387402996138,703.3999340682983,9.465169078486785,0.05024097891304516,1.666667,61.8789522626542,6.868630611742381,1990.0859909121602
2023-08-18 08:55:16.333392+00:00,1784.0666438833148,694.8651327857838,701.3999133232422,9.571041837932706,0.05098383789318466,1.666667,61.878944830728024,6.868935070323497,2005.9650202734706
2023-08-18 08:55:18.000059+00:00,1799.5779716482803,695.6356119765967,698.9999291992798,9.23073137671822,0.050506847573219715,1.666667,61.87893790164219,6.869231090981997,2021.4010899448404
2023-08-18 08:55:19.666726+00:00,1815.0146597967923,696.5054994928615,696.9999084542236,9.325136135394953,0.05466495397693249,1.666667,61.87893007855581,6.869525687206127,2036.781685193203
2023-08-18 08:55:21.333393+00:00,1831.1116438125428,697.1237162861598,695.1999202648926,9.753802686655744,0.031535998988789705,1.666667,61.87892451879862,6.869832884622133,2052.7773751158393
2023-08-18 08:55:23.000060+00:00,1847.539435787337,696.8471713415742,692.9999159985351,9.829856679781777,-0.03129663458214109,1.666667,61.87892700582705,6.870146395230107,2069.025150888191
2023-08-18 08:55:24.666727+00:00,1862.936559492606,695.4863953346132,690.5332286634522,9.172524478396541,-0.0983842412582394,1.666667,61.878939243579694,6.870440236400077,2084.3340541023463
2023-08-18 08:55:26.333394+00:00,1877.9750406226929,693.435910923965,688.1999190649414,9.15478576153801,-0.14336204836436625,1.666667,61.878957684029025,6.870727233177814,2099.2654262967217
2023-08-18 08:55:28.000061+00:00,1893.8319198147674,690.7703120820944,686.1999634059143,9.802794013965656,-0.1719858292461234,1.666667,61.878981656335334,6.871029848394985,2115.008104892426
2023-08-18 08:55:29.666728+00:00,1910.064294508064,688.1218068696378,684.8665992883301,9.857238990188545,-0.16343517628543777,1.666667,61.87900547491495,6.871339629628323,2131.152241313643
2023-08-18 08:55:31.333395+00:00,1925.8164465556686,685.746698850068,683.3332636557006,9.48262933468812,-0.14830342621712786,1.666667,61.87902683477453,6.871640246215929,2146.8390749619807
2023-08-18 08:55:33.000062+00:00,1941.7560359726417,682.8993440069995,681.8999380968628,9.678822379752663,-0.1744567806203583,1.666667,61.87905244165183,6.871944439888252,2162.7254930580557
2023-08-18 08:55:34.666729+00:00,1957.6809442911895,679.9960976779616,680.1999170612182,9.613608775328343,-0.176552887237356,1.666667,61.87907855117334,6.872248353384147,2178.609335358097
2023-08-18 08:55:36.333396+00:00,1972.4133754045681,677.3693417514003,678.5666166976318,8.868595654282487,-0.1770414559402874,1.666667,61.87910217415692,6.872529509454444,2193.32380762261
2023-08-18 08:55:38.000063+00:00,1986.6583704999205,674.7208133454989,677.3999803132934,8.693466276127635,-0.18382769589834566,1.666667,61.87912599294511,6.872801363217858,2207.562365308772
2023-08-18 08:55:39.666730+00:00,2001.8037067977475,671.4587248140275,676.2332930682373,9.194764809094433,-0.20768385312956048,1.666667,61.87915532961208,6.873090399236697,2222.720687794006
2023-08-18 08:55:41.333397+00:00,2017.5141789160127,668.1096502393945,673.8665770046997,9.713233265337887,-0.208446373537902,1.666667,61.879185448563334,6.873390220397869,2238.459924229037
2023-08-18 08:55:43.000064+00:00,2032.5862719429444,665.1862142146961,671.9999488007812,9.281453875084411,-0.19299331783170434,1.666667,61.87921173965514,6.873677858630419,2253.5734392083177
2023-08-18 08:55:44.666731+00:00,2046.8370523059893,662.2254601842689,670.666615198822,8.76621967639471,-0.2016001186816395,1.666667,61.87923836635583,6.873949822800807,2267.8777786736186
2023-08-18 08:55:46.333398+00:00,2060.685295707433,659.0193070185088,669.4666184208374,8.51372405344525,-0.22878185209024476,1.666667,61.87926719998397,6.874214104891475,2281.8796288167096
2023-08-18 08:55:48.000065+00:00,2075.215790132153,656.0989713939738,668.7999487945557,8.892648573260203,-0.19833659735716522,1.666667,61.87929346319321,6.874491407169727,2296.9031248266424
2023-08-18 08:55:49.666732+00:00,2091.0199404423815,653.7036919091546,667.3999256682129,9.58729062212779,-0.13946596303780387,1.666667,61.87931500445914,6.874793016100488,2312.8872915216216
2023-08-18 08:55:51.333399+00:00,2106.279423202254,651.9546100280631,665.599917130188,9.091140683029911,-0.11026063016205732,1.666667,61.879330734330395,6.875084230508655,2328.240676922043
2023-08-18 08:55:53.000066+00:00,2120.7791382266073,650.6653323141113,663.1999198054199,8.67035923035821,-0.078551521182331,1.666667,61.879342329083435,6.875360945387911,2342.778192809443
2023-08-18 08:55:54.666733+00:00,2136.035767447577,649.8234102019011,660.9999000541382,9.27509761547534,-0.05126993919492398,1.666667,61.879349900670896,6.875652105338685,2358.006840723668
2023-08-18 08:55:56.333400+00:00,2152.0375745685337,649.1678931859128,658.8666122070313,9.658167128616883,-0.038931486046082625,1.666667,61.87935579587705,6.875957486383617,2373.9540315688405
2023-08-18 08:55:58.000067+00:00,2167.7084502297325,648.6708173906138,657.1999318062134,9.24513311319625,-0.030248231430430966,1.666667,61.87936026618708,6.876256551879672,2389.558426283082
2023-08-18 08:55:59.666734+00:00,2182.713246642397,648.0805190459447,655.333266,9.0382388710277,-0.0460784012333982,1.666667,61.879365574867634,6.876542905812878,2404.519636447179
2023-08-18 08:56:01.333401+00:00,2198.6638394902316,647.0211050254485,653.7999472384338,9.505161077956181,-0.06443441836347048,1.666667,61.87937510240681,6.876847309476435,2420.4804702041824
2023-08-18 08:56:03.000068+00:00,2214.8398127904125,645.7721721433268,652.1999578078613,9.743861737005957,-0.08235528642261818,1.666667,61.879386334330064,6.877156014336571,2436.6890937843746
2023-08-18 08:56:04.666735+00:00,2229.8504322996982,644.0665534590127,650.999979344635,9.088719362068026,-0.1114955414668878,1.666667,61.87940167332741,6.877442479398684,2451.7960164944575
2023-08-18 08:56:06.333402+00:00,2244.62466965186,642.0751046604548,649.9332845022583,8.928228311093115,-0.13305680058466682,1.666667,61.87941958285673,6.877724433305925,2466.702367632126
2023-08-18 08:56:08.000069+00:00,2260.007927401183,639.6673687905468,648.5998927893066,9.342331089080309,-0.15525706803259323,1.666667,61.87944123614562,6.878018009855775,2482.2633712085412
2023-08-18 08:56:09.666736+00:00,2275.5587722716236,637.1353635151215,646.7999457363281,9.477879525470682,-0.16065164696926024,1.666667,61.879464007016125,6.878314784665033,2498.006705434223
2023-08-18 08:56:11.333403+00:00,2290.827106978827,634.6142470936968,645.3332572557983,9.27637728826978,-0.16442646048019327,1.666667,61.87948667996081,6.878606168005177,2513.4688259100717
2023-08-18 08:56:13.000070+00:00,2306.4848679350666,632.3230120462439,643.99993,9.494713052310361,-0.14530112976551718,1.666667,61.87950728553263,6.878904983218107,2529.28970034893
2023-08-18 08:56:14.666737+00:00,2322.485190693313,630.1389929311958,642.333263,9.660849337005533,-0.12542098139174193,1.666667,61.87952692688842,6.879210335935224,2545.43737779005
2023-08-18 08:56:16.333404+00:00,2338.1136192265676,630.7605856778808,640.1999070654297,9.344525186542299,0.0982522501715851,1.666667,61.879521336770544,6.879508591363504,2560.875805109835
2023-08-18 08:56:18.000071+00:00,2352.447744065053,636.489680296051,638.3999818114625,9.2796978947106,0.46448433371992004,1.666667,61.879469813784816,6.879782146093184,2574.4687256709076
2023-08-18 08:56:19.666738+00:00,2363.173078709333,646.819693672565,636.9999144013061,8.9670224270345,0.7536022880570329,1.666667,61.879376913742625,6.879986830093944,2585.2160724572595
2023-08-18 08:56:21.333405+00:00,2372.0918640213445,658.1562440230934,634.9999343441773,8.616853849421458,0.9154500522326816,1.666667,61.87927496169596,6.880157037618477,2596.5570365779968
2023-08-18 08:56:23.000072+00:00,2380.179148862019,670.3176585529798,633.2999535109864,8.709879081150863,0.9821992624300597,1.666667,61.879165591467505,6.880311376655102,2611.4066920780206
2023-08-18 08:56:24.666739+00:00,2388.6588108014116,682.7710634729847,631.7332854140625,9.084141475216096,0.9613017031084755,1.666667,61.87905359530639,6.880473203878998,2627.38563989644
2023-08-18 08:56:26.333406+00:00,2397.5307936034137,694.5642408755027,629.7999209371338,8.756053341507,0.9192223832983887,1.666667,61.87894753671399,6.880642518216949,2642.357576677827
2023-08-18 08:56:28.000073+00:00,2406.3559621817462,705.7858274667635,627.999927,8.585607432885535,0.9007285974649003,1.666667,61.87884661856124,6.880810939144771,2656.6224635040116
2023-08-18 08:56:29.666740+00:00,2416.0185594545105,717.0757619011218,626.199903861084,9.000377726063359,0.8528874005191649,1.666667,61.87874508574158,6.880995341695659,2671.482646195888
2023-08-18 08:56:31.333407+00:00,2426.4102072541873,728.1885957857179,624.2665685859375,9.115554094999084,0.8148856694910552,1.666667,61.87864514562543,6.881193657563338,2686.681446057316
2023-08-18 08:56:33.000074+00:00,2436.063957463607,739.3293999488595,622.1998938043213,8.771630156651728,0.877714466192298,1.666667,61.87854495396651,6.881377891275454,2701.422726894892
2023-08-18 08:56:34.666741+00:00,2445.8832110627386,749.9109612913128,619.7999189416504,8.674082024681331,0.8016069268703369,1.666667,61.87844979169912,6.881565283480715,2715.849097957584
2023-08-18 08:56:36.333408+00:00,2457.084530034775,760.1632262890034,617.4665553398437,9.216996114959962,0.728890828180769,1.666667,61.878357590864894,6.881779051242471,2730.9412584168726
2023-08-18 08:56:38.000075+00:00,2468.5961025496454,769.8438546943636,614.7998827957153,8.888661994091546,0.7022152709722828,1.666667,61.878270530882055,6.881998739932431,2745.829856263156
2023-08-18 08:56:39.666742+00:00,2478.983333557286,779.4530277730721,612.7332824140625,8.407210585672573,0.7512165948310594,1.666667,61.87818411351241,6.8821969715093445,2759.928625051922
2023-08-18 08:56:41.333409+00:00,2489.0148293271545,789.0995001238047,610.7999173370972,8.364126676355534,0.7683642663351066,1.666667,61.878097360702355,6.882388414178118,2773.819708369889
2023-08-18 08:56:43.000076+00:00,2498.8530306210123,799.1374656135713,608.7999117929687,8.470230470102827,0.8112304428508509,1.666667,61.87800708710991,6.8825761679842135,2787.8691926625465
2023-08-18 08:56:44.666743+00:00,2507.8750832972196,810.042161561633,607.1332447929688,8.485497696324577,0.8682336488291026,1.666667,61.87790901882319,6.882748346279631,2802.001207367334
2023-08-18 08:56:46.333410+00:00,2516.0376938335526,821.2358131608189,605.1998998657226,8.277039805463426,0.9590224582769811,1.666667,61.877808351895865,6.882904122843873,2816.2314010281284
2023-08-18 08:56:48.000077+00:00,2523.690135113656,832.8954969332838,602.9998768018799,8.402606433565856,0.9966861375238221,1.666667,61.87770349384052,6.883050163256479,2830.0137091893944
2023-08-18 08:56:49.666744+00:00,2530.959006254366,845.5182362479144,600.1998526582031,8.749490730825178,1.0543649114003193,1.666667,61.877589974818605,6.883188883555233,2844.2840466623434
2023-08-18 08:56:51.333411+00:00,2537.522190884974,857.8675229840661,597.466550539917,8.262888114493006,1.0866502730289755,1.666667,61.877478915014805,6.883314136419827,2857.9144374986254
2023-08-18 08:56:53.000078+00:00,2544.293381426069,869.3096636427858,594.9999063990479,7.985778243637962,1.008722500911623,1.666667,61.87737601337168,6.883443358902466,2871.015758570543
2023-08-18 08:56:54.666745+00:00,2552.4641339200803,880.543677381508,593.1332427929688,8.401725930137752,0.9325673020396478,1.666667,61.87727498345892,6.883599290849129,2884.8720436719486
2023-08-18 08:56:56.333412+00:00,2561.3215110443425,891.1811312817596,591.1332109958496,8.2449773064698,0.861015734698867,1.666667,61.87717931853768,6.8837683264499905,2898.714201358848
2023-08-18 08:56:58.000079+00:00,2570.944646068629,900.8586186786224,588.9999051990357,8.249649787042436,0.7618902530527215,1.666667,61.87709228680261,6.88395197589702,2912.314989447627
2023-08-18 08:56:59.666746+00:00,2582.356738321967,910.1291872312103,587.1332417929688,8.922003090373932,0.6845907333021665,1.666667,61.87700891457662,6.884169766089768,2926.772062671351
2023-08-18 08:57:01.333413+00:00,2593.389571067138,920.838234118222,584.8665514041138,9.26723528171983,0.7938491845381627,1.666667,61.87691260580418,6.884380318433437,2942.085194138597
2023-08-18 08:57:03.000080+00:00,2603.441510436812,931.2985753430645,582.1998682080078,8.393377964673522,0.7951976442942037,1.666667,61.87681853369549,6.884572151251137,2956.572791310747
2023-08-18 08:57:04.666747+00:00,2612.7585665709,940.640580031907,579.1998472580566,7.932726173455818,0.7873310141149994,1.666667,61.87673451902889,6.8847499594397,2969.735900396286
2023-08-18 08:57:06.333414+00:00,2622.494374116912,951.0110123548876,576.5998991300049,8.738448059541504,0.825488739358193,1.666667,61.87664125549039,6.884935759147145,2983.9506812571085
2023-08-18 08:57:08.000081+00:00,2632.8245311315054,962.9875803116176,574.1998664080201,9.684987992341714,0.8711345682907244,1.666667,61.876533547627105,6.885132901514853,2999.7665242556345
2023-08-18 08:57:09.666748+00:00,2642.9599671597693,975.1101006974349,571.3332031970215,9.40976509031832,0.8715290913284947,1.666667,61.876424527182095,6.885326327796132,3015.5643967932624
2023-08-18 08:57:11.333415+00:00,2653.1481295290646,986.6299090495642,569.1998938659668,9.20499785537617,0.8403507194105323,1.666667,61.876320927056625,6.88552076031533,3030.9427275935805
2023-08-18 08:57:13.000082+00:00,2663.4636614222086,998.0596711193307,566.999868802002,9.256496182052683,0.8391746697695613,1.666667,61.876218136736824,6.885717623574883,3046.3369832880953
2023-08-18 08:57:14.666749+00:00,2674.1422678791446,1010.1138879146025,564.199843657959,9.739184663962645,0.8484830780962486,1.666667,61.87610973056076,6.885921415807447,3062.4405146684044
2023-08-18 08:57:16.333416+00:00,2684.9218823013052,1022.2084518158456,561.3332176030274,9.690286106410216,0.8401812758510494,1.666667,61.87600096153446,6.886127135692164,3078.640925445955
2023-08-18 08:57:18.000083+00:00,2695.675135533775,1034.2222470270196,559.1998960050049,9.673449075711218,0.8430894842837899,1.666667,61.87589291887843,6.8863323524957245,3094.7632236923187
2023-08-18 08:57:19.666750+00:00,2706.2702795419814,1046.0247994370957,556.733204071045,9.52225883317624,0.8412982666182287,1.666667,61.875786775974554,6.886534551917575,3110.6225029771676
2023-08-18 08:57:21.333417+00:00,2717.464278253988,1058.1691209433845,553.9998290559693,10.04244334998055,0.8207291421558934,1.666667,61.875677559467356,6.886748179978318,3127.133606498509
2023-08-18 08:57:23.000084+00:00,2729.3623924665612,1070.4407834557776,550.9998488010253,10.19997306949922,0.7933804167397644,1.666667,61.87556719775498,6.886975245491825,3144.2053472058265
2023-08-18 08:57:24.666751+00:00,2740.7744470973985,1082.8802159586523,547.9998685460815,10.092887153589661,0.8330545887097653,1.666667,61.875455327250826,6.887193034966579,3161.082879734018
2023-08-18 08:57:26.333418+00:00,2751.8864025933285,1095.1425526557725,544.9331395859375,9.912981296946459,0.8325198927465945,1.666667,61.87534504940752,6.887405097301472,3177.6293460462493
2023-08-18 08:57:28.000085+00:00,2763.690896606876,1107.6938432052084,541.7998177929687,10.547335487940968,0.8104537346533218,1.666667,61.87523217293979,6.887630376152136,3194.850703521609
2023-08-18 08:57:29.666752+00:00,2776.181947006637,1120.3290042149538,538.5998423320312,10.651207350775897,0.7939950186875805,1.666667,61.875118542206884,6.887868757354617,3212.5903177620844
2023-08-18 08:57:31.333419+00:00,2788.2220646266946,1132.6907345022087,535.866541803894,10.272177254133451,0.7978860724686949,1.666667,61.875007370495545,6.888098532883851,3229.827511598588
2023-08-18 08:57:33.000086+00:00,2800.4701472055476,1144.5460754536625,532.999828,10.253520072117567,0.7551132715251831,1.666667,61.874900752852916,6.888332277249601,3246.8256585661034
2023-08-18 08:57:34.666753+00:00,2813.4458021941305,1156.267854140734,529.7998527390747,10.514550830629261,0.7355789422193592,1.666667,61.874795336364585,6.888579906723518,3264.2120222023523
2023-08-18 08:57:36.333420+00:00,2826.3248201738465,1168.163600403127,526.5998602770997,10.506391369736749,0.7471078097752596,1.666667,61.87468835534826,6.888825691961311,3281.6676609900524
2023-08-18 08:57:38.000087+00:00,2839.388344152096,1179.5995054224213,523.1998556080932,10.397933116481674,0.705039204994723,1.666667,61.874585509783586,6.889074998341072,3298.9094996479057
2023-08-18 08:57:39.666754+00:00,2852.819304374437,1190.4047763990632,520.1998346577149,10.318297699788372,0.6759862605845972,1.666667,61.874488335647115,6.889331316932849,3315.9384963256944
2023-08-18 08:57:41.333421+00:00,2866.1741322199687,1201.3436694388176,517.4665345401611,10.378064226002092,0.6902554058616213,1.666667,61.874389959818565,6.889586182602178,3333.0232538427967
2023-08-18 08:57:43.000088+00:00,2879.228814901665,1212.6211582529772,514.799829394043,10.320004976016198,0.7222631046052409,1.666667,61.87428853892505,6.889835320253223,3350.160953382249
2023-08-18 08:57:44.666755+00:00,2892.2498830161353,1223.3705084314597,511.66649,10.18944759111207,0.6822357561735574,1.666667,61.8741918676964,6.890083816398494,3366.8938964628232
2023-08-18 08:57:46.333422+00:00,2905.970743390301,1233.9924883941708,508.79990173693847,10.446488015649061,0.6556355936239125,1.666667,61.87409634193562,6.8903456674911085,3384.0170757376814
2023-08-18 08:57:48.000089+00:00,2919.3394507171693,1244.701466479089,506.999911,10.30291583677784,0.6723587031961964,1.666667,61.87400003378193,6.890600798038677,3400.972484385811
2023-08-18 08:57:49.666756+00:00,2932.40952699921,1255.652788632878,505.1998846608887,10.26786660454124,0.7039057804283478,1.666667,61.87390154617567,6.890850229463652,3417.904502026438
2023-08-18 08:57:51.333423+00:00,2945.167003890264,1267.3435560019198,503.1332159385681,10.412287098371895,0.7534713124485464,1.666667,61.87379640857882,6.891093695191881,3435.1637323835303
2023-08-18 08:57:53.000090+00:00,2956.9859771864626,1280.0067014756326,500.79986179351806,10.320515356164064,0.8419521006515236,1.666667,61.873682526175585,6.891319250367489,3452.48507093766
2023-08-18 08:57:54.666757+00:00,2967.3058589056986,1292.9587480024388,498.59989770516967,9.887243460591668,0.9051016679170791,1.666667,61.87356604562276,6.8915161966398175,3468.9871547836037
2023-08-18 08:57:56.333424+00:00,2976.99765877615,1306.1997688022307,496.79989933691405,9.864049404975757,0.9496686616591115,1.666667,61.87344696626187,6.891701156497747,3485.271885542369
2023-08-18 08:57:58.000091+00:00,2985.455169776242,1320.4940300652859,494.79986039352417,9.973438081087831,1.0706417206820213,1.666667,61.87331841488192,6.891862560989577,3501.488026390677
2023-08-18 08:57:59.666758+00:00,2991.0417973913472,1336.44412530898,492.33317702691653,10.154750118165605,1.262008172068167,1.666667,61.87317497222923,6.891969177083988,3516.9920179009705
2023-08-18 08:58:01.333425+00:00,2993.8027644915164,1352.9285340317779,489.99989000167847,9.9722923050649,1.4388807952887306,1.666667,61.873026724379976,6.892021867821459,3531.0433926542632
2023-08-18 08:58:03.000092+00:00,2994.4366000619257,1368.8009068442277,487.9998527994385,9.423762168284956,1.5563511513900208,1.666667,61.8728839807019,6.892033964040801,3543.3050721059917
2023-08-18 08:58:04.666759+00:00,2993.9622370022007,1384.667093563707,485.3331754269104,9.55309398952951,1.6063601297958732,1.666667,61.8727412926567,6.892024911220344,3554.9485986343257
2023-08-18 08:58:06.333426+00:00,2993.080859125842,1400.9371699899377,482.79989693688964,9.825393307279283,1.6302869297076907,1.666667,61.872594972344096,6.892008090864066,3566.749448633533
2023-08-18 08:58:08.000093+00:00,2991.1951095534637,1417.219619832382,480.39988229818726,9.834348999617031,1.709693464048322,1.666667,61.87244854075469,6.891972102917796,3578.0389522802475
2023-08-18 08:58:09.666760+00:00,2988.2538706814807,1432.9335567460062,478.3998920678711,9.572206859332951,1.7602038939521178,1.666667,61.872307221924885,6.891915971845016,3588.3720364565947
2023-08-18 08:58:11.333427+00:00,2984.893914337322,1448.5201246834522,476.7999238385925,9.563368518763307,1.7802164770394888,1.666667,61.8721670485518,6.891851849901066,3598.501737278196
2023-08-18 08:58:13.000094+00:00,2980.906590541476,1464.3894358027412,475.2999184508972,9.776036684948226,1.8121465835360393,1.666667,61.872024332408195,6.891775755176386,3608.608382144065
2023-08-18 08:58:14.666761+00:00,2976.563563321842,1480.5165893708,473.66656290086365,10.015140045535588,1.834179436289215,1.666667,61.87187929743174,6.891692872150708,3620.3974398825812
2023-08-18 08:58:16.333428+00:00,2972.3618454566786,1496.7524730905157,471.7332048666992,10.05503181284468,1.8194122604900795,1.666667,61.871733284621534,6.891612685895339,3636.030570065678
2023-08-18 08:58:18.000095+00:00,2968.7954952576897,1513.0411498952317,469.5998731040955,9.994289381165755,1.779737773911428,1.666667,61.87158679703171,6.891544625098072,3654.1672665688548
2023-08-18 08:58:19.666762+00:00,2965.2174053274703,1528.8886715723238,467.3998896678467,9.715002968282594,1.7975769153397114,1.666667,61.87144427684527,6.891476340257898,3680.932956933194
2023-08-18 08:58:21.333429+00:00,2961.8575234399364,1544.730006392185,465.39987909823606,9.721521718080933,1.770451341220763,1.666667,61.87130181229857,6.891412219734891,3697.0667703893137
2023-08-18 08:58:23.000096+00:00,2959.4448358396126,1560.5837638205458,463.39987869824216,9.587109566799644,1.7077454359888697,1.666667,61.87115923603267,6.891366175619066,3713.0988743310354
2023-08-18 08:58:24.666763+00:00,2956.951576719183,1576.5244923517048,461.3998884678345,9.662202042355997,1.7334914334555724,1.666667,61.87101587761684,6.891318593863472,3732.910348804113
2023-08-18 08:58:26.333430+00:00,2954.161161214545,1592.0675495544328,459.33318782806396,9.433060247525393,1.7475559499871758,1.666667,61.8708760955452,6.891265341127943,3748.694816225288
2023-08-18 08:58:28.000097+00:00,2952.0486168455445,1607.762888932248,457.19991520703127,9.553904126043454,1.688293023150444,1.666667,61.87073494396705,6.891225024993522,3764.5300331473973
2023-08-18 08:58:29.666764+00:00,2950.199536905193,1623.8434302050546,455.3998872678223,9.712288830476213,1.690013621769432,1.666667,61.87059032818504,6.891189736856371,3780.708074158298
2023-08-18 08:58:31.333431+00:00,2948.1045174670385,1639.7313420197172,453.0665144684143,9.590052574660119,1.7027719023818222,1.666667,61.87044744476136,6.891149755170532,3796.7318456605603
2023-08-18 08:58:33.000098+00:00,2946.360925455138,1655.641038448687,450.3998762982788,9.617520263024058,1.6682183860028197,1.666667,61.870304365423934,6.891116480181869,3812.726944751311
2023-08-18 08:58:34.666765+00:00,2945.3522072095143,1671.9545951790158,448.26652492858886,9.827549973982629,1.6338535622330923,1.666667,61.87015765408357,6.8910972296416295,3829.0201141997813
2023-08-18 08:58:36.333432+00:00,2943.716842681879,1688.0195723874538,445.99988160180663,9.641281030131331,1.6824868924592138,1.666667,61.87001317827254,6.891066020083576,3845.156866157832
2023-08-18 08:58:38.000099+00:00,2941.995186907161,1703.7987541809425,443.99986140060423,9.49072787006127,1.6727813690096964,1.666667,61.869871272681436,6.8910331637295705,3861.023319947748
2023-08-18 08:58:39.666766+00:00,2940.6951268072103,1719.416373802426,441.79987876428225,9.357295692347483,1.6560132754303976,1.666667,61.86973082005385,6.891008353174813,3876.6736424100905
2023-08-18 08:58:41.333433+00:00,2938.7156936450106,1734.701581235327,439.99988040182495,9.245607514497749,1.7128404083508595,1.666667,61.8695933568809,6.89097057735594,3892.0862379883392
2023-08-18 08:58:43.000100+00:00,2936.083413128539,1750.1297191736662,437.79987779388426,9.439489173980352,1.7419231626989147,1.666667,61.86945460830303,6.890920342493803,3907.7280726340305
2023-08-18 08:58:44.666767+00:00,2934.1216199299806,1765.655707207979,435.96655935267637,9.396612221621554,1.7040887081320755,1.666667,61.86931497973811,6.890882903318815,3923.376818354263
2023-08-18 08:58:46.333434+00:00,2932.2901125305502,1781.1785889610503,433.799887336792,9.379227995183282,1.6887664564567344,1.666667,61.86917537910864,6.890847950538844,3939.005055601309
2023-08-18 08:58:48.000101+00:00,2929.9300562794933,1796.4606961522325,431.59984450289915,9.190760239633956,1.7340019651238987,1.666667,61.86903794381683,6.890802910848102,3954.4656615210615
2023-08-18 08:58:49.666768+00:00,2926.9800485801693,1811.9105584121744,429.0665288696289,9.409428866011618,1.759399660678401,1.666667,61.86889899986744,6.890746612429619,3970.172779183485
2023-08-18 08:58:51.333435+00:00,2924.0490714276452,1827.158470459596,427.2665711035156,9.28627300483831,1.761289515392405,1.666667,61.868761872099945,6.890690677193133,3985.6785962793665
2023-08-18 08:58:53.000102+00:00,2921.1239423121306,1842.251076218022,425.5998837022705,9.264661526051162,1.761579289521963,1.666667,61.86862614103546,6.8906348535615205,4001.0310545055213
2023-08-18 08:58:54.666769+00:00,2918.0729137832,1857.4151306204797,423.5998833053894,9.288538101788031,1.7694356908666284,1.666667,61.86848976741789,6.890576627245378,4016.473365652953
2023-08-18 08:58:56.333436+00:00,2915.2576382820075,1872.92406590866,421.3331794281006,9.503721151558047,1.7426298602204773,1.666667,61.86835029221199,6.8905229000777,4032.224758304228
2023-08-18 08:58:58.000103+00:00,2913.2270503329287,1888.7032551024286,418.99985580062867,9.541576715389237,1.6856675740263198,1.666667,61.868208386554336,6.890484148012698,4048.1323547615966
2023-08-18 08:58:59.666770+00:00,2910.8904314375245,1904.2649390319916,416.5331700338745,9.374682650361363,1.7307728523079848,1.666667,61.868068436968514,6.890439555604197,4063.8681685054576
2023-08-18 08:59:01.333437+00:00,2908.016542192136,1919.401007619045,414.1331963386536,9.216943404344095,1.761444998364174,1.666667,61.86793231503342,6.890384709842457,4079.259471830796
2023-08-18 08:59:03.000104+00:00,2905.3784074238706,1934.5122802186665,411.5998605041504,9.27636452246283,1.7343965017085847,1.666667,61.867796416094,6.890334363256842,4094.5929714184035
2023-08-18 08:59:04.666771+00:00,2903.1501589703294,1950.0149724764626,409.26651652844237,9.410508032736816,1.7141029824893896,1.666667,61.86765699703303,6.890291839007176,4110.2549569330085
2023-08-18 08:59:06.333438+00:00,2900.589549819235,1965.3654164382842,406.9331827316284,9.319924239173298,1.742071041337748,1.666667,61.86751894717388,6.890242971932832,4125.814238988317
2023-08-18 08:59:08.000105+00:00,2898.0436263782426,1980.7780295784728,404.79984079360963,9.386923333938014,1.726295122412694,1.666667,61.86738033821387,6.890194385122927,4141.433032509835
2023-08-18 08:59:09.666772+00:00,2895.497677129427,1996.4671220393593,402.5998797054443,9.54075333482861,1.7343353875622658,1.666667,61.8672392428156,6.890145797820501,4157.325520004436
2023-08-18 08:59:11.333439+00:00,2892.6296201535047,2012.1313555731585,400.3998670984192,9.557042577587733,1.7570781803605542,1.666667,61.86709837097903,6.890091063362723,4173.240523867812
2023-08-18 08:59:13.000106+00:00,2889.615248980755,2027.8360005413017,397.999830399353,9.621003008932261,1.7539615848400076,1.666667,61.8669571357137,6.890033536621425,4190.67777296946
2023-08-18 08:59:14.666773+00:00,2887.4851162549767,2043.7487800627284,395.33315302682496,9.627699512481271,1.6978042244756226,1.666667,61.86681402864936,6.889992884827992,4206.730836975082
2023-08-18 08:59:16.333440+00:00,2885.9362234139776,2059.593206111626,392.3998120703125,9.536007082427917,1.6608820184626754,1.666667,61.86667153630257,6.889963325509429,4222.631486942857
2023-08-18 08:59:18.000107+00:00,2885.1310900704134,2075.5091013557085,389.3998440971375,9.577416877306996,1.6047342627800516,1.666667,61.86652840121786,6.889947960216003,4238.4963279342155
2023-08-18 08:59:19.666774+00:00,2885.4429692513922,2091.567904177412,387.06652046966553,9.657077319766552,1.5406187638146853,1.666667,61.86638398093444,6.889953912168145,4254.348663497516
2023-08-18 08:59:21.333441+00:00,2886.2862460750684,2107.5583294337366,384.5998667296753,9.576358923959173,1.517111781212053,1.666667,61.866240175585226,6.889970005397843,4270.068766858532
2023-08-18 08:59:23.000108+00:00,2886.8308604725516,2123.3499487015256,382.59983330285644,9.482609409800096,1.542074500806867,1.666667,61.86609815814123,6.88998039890606,4285.642853152477
2023-08-18 08:59:24.666775+00:00,2887.766420776484,2139.16330615945,379.9331559303284,9.500010495839481,1.499069665213394,1.666667,61.86595594520099,6.889998253288446,4301.197679913372
2023-08-18 08:59:26.333442+00:00,2889.6257827364584,2155.085416053752,377.666558,9.649787550127655,1.4462175272647404,1.666667,61.86581275422659,6.890033737649303,4316.755470732031
2023-08-18 08:59:28.000109+00:00,2891.7852020451514,2171.0603306134667,375.7998569949646,9.686894312272422,1.436641980157722,1.666667,61.86566908836843,6.890074948352566,4332.346497183285
2023-08-18 08:59:29.666776+00:00,2893.5083309081274,2186.907850072339,373.79986676416013,9.51528652720781,1.469230864241689,1.666667,61.86552656820193,6.890107832819224,4347.882194770962
2023-08-18 08:59:31.333443+00:00,2894.436453363048,2202.475757804608,371.73318386633304,9.321826295131368,1.5224086175313662,1.666667,61.865386562644105,6.89012554525651,4363.242867935712
2023-08-18 08:59:33.000110+00:00,2894.5607931028703,2217.7360971206544,369.59987410217286,9.115281324118211,1.5751406584729442,1.666667,61.8652493231155,6.89012791817598,4378.394377143758
2023-08-18 08:59:34.666777+00:00,2892.445116370773,2232.6919829975136,367.66654530101016,9.057756488311682,1.7005555715991385,1.666667,61.865114821602454,6.890087542263041,4393.49310560815
2023-08-18 08:59:36.333444+00:00,2888.465763204409,2247.50807224744,365.7331824663086,9.240711978084011,1.8502646134719665,1.666667,61.86498157731067,6.890011599651128,4408.661719256361
2023-08-18 08:59:38.000111+00:00,2882.6007771432937,2261.8301126306915,363.39983849716185,9.173353648677814,1.9773923512931215,1.666667,61.8648527761071,6.88989967131964,4423.564782796126
2023-08-18 08:59:39.666778+00:00,2874.9921617552222,2275.0275379467225,361.06651486968997,9.127350300927919,2.118615212646948,1.666667,61.864734088809804,6.889754467287362,4437.58743029636
2023-08-18 08:59:41.333445+00:00,2865.4802365780083,2286.8206441332018,358.3331668281555,9.101575936937614,2.2822222135260164,1.666667,61.864628030857865,6.88957294018683,4450.504575150818
2023-08-18 08:59:43.000112+00:00,2854.245207269585,2297.3586172337295,356.1999226049805,9.312018898281677,2.4173394706191127,1.666667,61.86453326058894,6.889358529091626,4462.482549541982
2023-08-18 08:59:44.666779+00:00,2841.858060138177,2305.914527872022,354.86657883587645,8.99051979645357,2.559912078091878,1.666667,61.86445631543599,6.889122130795727,4472.782159799422
2023-08-18 08:59:46.333446+00:00,2828.623203540063,2312.820706330296,353.1331837387085,8.968329440847596,2.6849059694847486,1.666667,61.86439420668097,6.888869554676861,4481.712511229652
2023-08-18 08:59:48.000113+00:00,2814.799867729878,2318.2450146551523,351.19987660565187,8.86252635382044,2.7894202755949222,1.666667,61.86434542470423,6.888605747926645,4489.425349685575
2023-08-18 08:59:49.666780+00:00,2800.909213591014,2323.048060114291,349.1998558605957,8.796320740633314,2.8054182438517707,1.666667,61.86430222987868,6.888340656462685,4496.7144650118325
2023-08-18 08:59:51.333447+00:00,2787.0814821278427,2328.0747990649425,346.66649497183226,8.85582449027564,2.791007173633805,1.666667,61.86425702332922,6.888076765825124,4504.365060239675
2023-08-18 08:59:53.000114+00:00,2773.026823763264,2333.1574458026826,344.19987540563966,8.971747034548153,2.796096093300359,1.666667,61.86421131398896,6.887808544478305,4512.267928898879
2023-08-18 08:59:54.666781+00:00,2758.7350209313345,2338.4731265359246,342.19985466058347,9.158174349126083,2.7777604891954875,1.666667,61.864163508923625,6.887535797428563,4520.621053777085
2023-08-18 08:59:56.333448+00:00,2744.842927545139,2344.484762272895,340.19986443310546,9.068161065571747,2.72053410607306,1.666667,61.86410944498457,6.887270678497776,4529.70476856635
2023-08-18 08:59:58.000115+00:00,2731.1923630619244,2351.2108931366542,338.19985120422365,9.136154635892439,2.679517988013591,1.666667,61.86404895543647,6.887010168943181,4539.556043670597
2023-08-18 08:59:59.666782+00:00,2717.5330093809325,2358.086137355375,335.9998616021118,9.184935134840252,2.674599536737486,1.666667,61.86398712487975,6.886749491654132,4549.691289321932
2023-08-18 09:00:01.333449+00:00,2704.2821896381547,2365.3280395899633,333.93316733169553,9.019020025541613,2.6281088564537094,1.666667,61.86392199688827,6.8864966108920616,4560.186279298184
2023-08-18 09:00:03.000116+00:00,2691.4528977653135,2373.439772841454,331.79982539367677,9.207161798952544,2.5716969472789852,1.666667,61.86384904631853,6.88625177463524,4571.505527157891
2023-08-18 09:00:04.666783+00:00,2677.998484564716,2381.3371240914794,329.59986650564576,9.399877983310313,2.616015198113456,1.666667,61.86377802373244,6.885995008463078,4582.901786493916
2023-08-18 09:00:06.333450+00:00,2664.4270030620355,2389.290455509662,327.1331781387329,9.437595914646213,2.6045880686522693,1.666667,61.86370649770461,6.885736008140724,4594.484776201546
2023-08-18 09:00:08.000117+00:00,2651.3972225978964,2398.091910427558,324.7998239936829,9.420143963862131,2.5316020991306014,1.666667,61.8636273443189,6.885487345727579,4606.807728370461
2023-08-18 09:00:09.666784+00:00,2638.565022280843,2406.986531936036,322.46650036621094,9.402987438670998,2.539977105385784,1.666667,61.86354735306591,6.885242453965545,4619.2487681634775
2023-08-18 09:00:11.333451+00:00,2625.06079428423,2415.8407645558573,320.2664743338623,9.762248357360951,2.566926187409788,1.666667,61.86346772503892,6.884984737119852,4631.943842139969
2023-08-18 09:00:13.000118+00:00,2611.148175135711,2424.5800440694584,317.3998286972046,9.853865893392733,2.5800285716104367,1.666667,61.86338913081005,6.884719226472136,4644.748009264828
2023-08-18 09:00:14.666785+00:00,2597.3175299710147,2433.0179555011505,315.19984986053464,9.69848132005681,2.5989796670322236,1.666667,61.86331324684946,6.88445528022903,4657.339343866376
2023-08-18 09:00:16.333452+00:00,2583.5454564524903,2440.6045840171364,313.4665357929687,9.47283532078132,2.63253833822037,1.666667,61.86324501866005,6.884192451776583,4669.208005609924
2023-08-18 09:00:18.000119+00:00,2569.849517476067,2448.4212559210187,311.59988710351564,9.521404856841777,2.607548614226454,1.666667,61.86317472164076,6.883931076287906,4681.328984263887
2023-08-18 09:00:19.666786+00:00,2556.345364992372,2457.145028233103,309.79985476403806,9.642483940525642,2.5634819670089986,1.666667,61.8630962668715,6.883673360883314,4694.327368804075
2023-08-18 09:00:21.333453+00:00,2542.6435019960677,2465.4088710859123,307.79986453656005,9.587479452911419,2.615760224975107,1.666667,61.86302194834725,6.883411872339695,4707.043593927346
2023-08-18 09:00:23.000120+00:00,2528.058806631185,2471.348706330052,305.799843795166,9.41940419116511,2.8131639249404845,1.666667,61.86296853012554,6.883133535682037,4718.015844529366
2023-08-18 09:00:24.666787+00:00,2512.8519966026956,2474.2907054056304,303.79985356402585,9.222390760341238,2.972019287777974,1.666667,61.86294207209221,6.882843326488696,4726.579665547029
2023-08-18 09:00:26.333454+00:00,2497.981915469896,2474.967741241005,301.99985520220946,8.891476306629015,3.1314749621814255,1.666667,61.86293598336266,6.882559543483425,4733.061783945454
2023-08-18 09:00:28.000121+00:00,2482.9917610486355,2472.820765631651,300.19989120703127,9.219981490545672,-2.9555214585575906,1.666667,61.862955291578196,6.8822734689803235,4744.143979776668
2023-08-18 09:00:29.666788+00:00,2468.1729150513065,2468.70119349599,298.39985846752927,9.213515878741365,-2.8649473396038307,1.666667,61.86299233978048,6.881990663754568,4755.9984451772725
2023-08-18 09:00:31.333455+00:00,2453.8094138691013,2464.3828187084428,296.13317113876343,8.934863841004598,-2.8481036776106885,1.666667,61.86303117585797,6.881716548402049,4767.581126601348
2023-08-18 09:00:33.000122+00:00,2439.677121104476,2460.6020277642615,293.99985359851075,8.75808465502227,-2.8976176789216934,1.666667,61.863065177327805,6.881446845467929,4779.348407845538
2023-08-18 09:00:34.666789+00:00,2424.549316070865,2458.7505146554427,291.99985320224,9.198723260849887,-3.046896817048538,1.666667,61.863081828385226,6.8811581440185385,4792.891947254457
2023-08-18 09:00:36.333456+00:00,2409.6646525778433,2458.5858944251745,289.9998528022461,8.825113373472215,-3.1401793304477996,1.666667,61.86308330885053,6.880874082721173,4807.570023619228
2023-08-18 09:00:38.000123+00:00,2395.3743256363146,2456.7712196740035,287.7997909959717,8.690048244568695,-2.951670688726403,1.666667,61.863099628612645,6.8806013638375605,4821.892459238522
2023-08-18 09:00:39.666790+00:00,2381.558382814503,2450.924146679993,285.2664899279785,9.03339739723297,-2.69871557880274,1.666667,61.86315221260339,6.880337698176317,4834.229685997352
2023-08-18 09:00:41.333457+00:00,2368.8185515352966,2443.4461556257675,283.13316833877565,8.770766257360334,-2.59723691312114,1.666667,61.86321946379263,6.880094569199765,4844.310750176209
2023-08-18 09:00:43.000124+00:00,2357.554451277196,2435.2690033641597,280.7998761937256,8.271580780482463,-2.4817705476799157,1.666667,61.863293002689666,6.87987960330991,4853.016062164944
2023-08-18 09:00:44.666791+00:00,2347.163535436324,2425.0322588773042,279.29988606625363,8.663724870833764,-2.382412730378353,1.666667,61.86338506394458,6.8796813014110505,4866.158094347099
2023-08-18 09:00:46.333458+00:00,2337.1606580854323,2413.5682097288204,277.53316083526613,9.226205532109214,-2.2662699502707,1.666667,61.86348816261548,6.87949040490076,4881.478384374911
2023-08-18 09:00:48.000125+00:00,2328.140881520036,2401.4549690137137,274.99979999923704,8.97398963283551,-2.1954998050086827,1.666667,61.863597099606416,6.8793182700430044,4887.785592102602
2023-08-18 09:00:49.666792+00:00,2319.5294405028963,2389.146026289209,272.333122626709,9.06336131279276,-2.1909964139537808,1.666667,61.863707796587796,6.879153927926123,4894.0319532303365
2023-08-18 09:00:51.333459+00:00,2309.38212495688,2377.492695759098,269.9331533317566,9.325352716680763,-2.3135752579420847,1.666667,61.863812597507064,6.8789602749342285,4902.21740532655
2023-08-18 09:00:53.000126+00:00,2298.2570455194605,2366.7278352568146,267.5998297042847,9.214769653335194,-2.38176600077486,1.666667,61.86390940822341,6.878747962139938,4911.780673296828
2023-08-18 09:00:54.666793+00:00,2287.943029778854,2355.9846680117375,265.26648572790526,8.913414336566635,-2.325510668254316,1.666667,61.8640060238476,6.878551127814883,4920.820364344613
2023-08-18 09:00:56.333460+00:00,2277.6128064966565,2345.0209591510566,262.5997781011963,9.084388773770394,-2.3335164161346436,1.666667,61.86410462285019,6.878353984182514,4930.08976641731
2023-08-18 09:00:58.000127+00:00,2266.598936431966,2334.554357653365,259.99982220077516,9.093598811128171,-2.394479445102209,1.666667,61.86419875125887,6.87814379372567,4940.30394767849
2023-08-18 09:00:59.666794+00:00,2255.741757751173,2324.1964119410477,257.6664985733032,9.01469049048901,-2.36867268693528,1.666667,61.864291902502586,6.877936593592241,4950.594821074252
2023-08-18 09:01:01.333461+00:00,2245.2856983804736,2313.1410071182227,253.89988153942107,9.153739322229663,-2.3205980807510254,1.666667,61.86439132614678,6.877737048483845,4960.666471406558
2023-08-18 09:01:03.000128+00:00,2234.7300224094975,2302.073262217722,252.39976349804687,9.17661049677954,-2.3325211758140494,1.666667,61.86449086076796,6.877535602276326,4971.014771839677
2023-08-18 09:01:04.666795+00:00,2223.345749992971,2291.8147872019763,249.39977306861877,9.195846387407492,-2.413364215040196,1.666667,61.864583117450216,6.87731834300179,4982.4118436577455
2023-08-18 09:01:06.333462+00:00,2212.380291347027,2281.578029545606,246.39976738235472,8.932485584378494,-2.380525065152161,1.666667,61.86467517882357,6.8771090764361995,4993.546758677638
2023-08-18 09:01:08.000129+00:00,2202.1408997759527,2271.363045524287,243.59979970272826,8.61459609310755,-2.3555372062656894,1.666667,61.86476704438191,6.876913666250724,5004.103864615937
2023-08-18 09:01:09.666796+00:00,2191.611610328147,2261.129387317414,240.666408,8.87376015991194,-2.3707891837440878,1.666667,61.86485907788124,6.876712723607831,5015.110669772741
2023-08-18 09:01:11.333463+00:00,2180.8012565349777,2250.094117317271,237.66645920118714,9.356892303233263,-2.3370626659675935,1.666667,61.86495832044862,6.876506417088043,5029.932216638228
2023-08-18 09:01:13.000130+00:00,2170.1753635722575,2238.509086528441,235.39981189727783,9.43556427832753,-2.3116897897519206,1.666667,61.86506250713356,6.876303630848229,5045.467410788988
2023-08-18 09:01:14.666797+00:00,2159.2302583129303,2227.685200083828,232.9331207301941,9.269541793984645,-2.375810967582835,1.666667,61.86515984868296,6.876094752709921,5060.785346418894
2023-08-18 09:01:16.333464+00:00,2147.4155388672357,2217.1781572897075,230.79984116589355,9.537377957664127,-2.4186557679638656,1.666667,61.865254340788944,6.875869278715476,5076.581537014809
2023-08-18 09:01:18.000131+00:00,2135.9698932019032,2206.4101889217404,228.9998428003998,9.321047584320572,-2.3718696770376044,1.666667,61.865351179455,6.875650848184051,5092.258933396099
2023-08-18 09:01:19.666798+00:00,2125.199030662465,2196.257358504649,226.9998474866638,8.884920744380215,-2.3960814366011616,1.666667,61.86544248605255,6.875445295321662,5107.027240768407
2023-08-18 09:01:21.333465+00:00,2113.051860613472,2186.3437038489155,224.66645600120543,9.575743192409206,-2.469944715520104,1.666667,61.86553164169081,6.8752134767867625,5130.797943397727
2023-08-18 09:01:23.000132+00:00,2100.205123187729,2176.0634181408004,221.99976239959716,9.878305940694826,-2.456047513764539,1.666667,61.86562409452133,6.874968307596221,5147.2419542795515
2023-08-18 09:01:24.666799+00:00,2088.6218398754468,2165.5564158897723,219.13312465296937,9.222770048010435,-2.3978073176474477,1.666667,61.86571858626271,6.874747250365941,5162.811771693472
2023-08-18 09:01:26.333466+00:00,2076.8787621266715,2155.602438845374,216.53314963531494,9.320384401026342,-2.4553243716230413,1.666667,61.86580810452892,6.874523143593091,5178.179737428054
2023-08-18 09:01:28.000133+00:00,2063.908958526251,2146.145498740147,214.19983734864806,9.69080904395314,-2.524113289957356,1.666667,61.86589315283454,6.874275625788002,5194.229259930843
2023-08-18 09:01:29.666800+00:00,2051.2407732086685,2136.5362943640357,212.1998420349121,9.535334999323648,-2.4860349969505613,1.666667,61.86597957048565,6.874033864114433,5210.129472423444
2023-08-18 09:01:31.333467+00:00,2038.2650266146102,2126.967532440064,210.19984163287353,9.738565469850082,-2.5162296667672583,1.666667,61.866065624429055,6.873786232892303,5226.251094741446
2023-08-18 09:01:33.000134+00:00,2024.0155823664247,2117.495058701089,208.19983614865112,10.467662274471424,-2.564244084396891,1.666667,61.866150812432004,6.873514294220544,5243.3332905769685
2023-08-18 09:01:34.666801+00:00,2010.072389002034,2109.2592707267445,206.6665995,9.845596434508721,-2.603571129950038,1.666667,61.86622487865267,6.873248200089606,5259.433144979332
2023-08-18 09:01:36.333468+00:00,1997.6048125438977,2103.7607982001805,205.89995858233644,8.237284256149197,-2.713821443159231,1.666667,61.8662743276041,6.873010266867578,5272.727905429382
2023-08-18 09:01:38.000135+00:00,1985.7167778016951,2102.9841054216563,205.39996689689636,7.148087965267706,-3.0763516625092593,1.666667,61.86628131257007,6.872783393712295,5282.780702501481
2023-08-18 09:01:39.666802+00:00,1972.181919230124,2100.87747119564,204.9332802180786,8.214542117710735,-2.9242802137951567,1.666667,61.86630025798682,6.872525092307813,5295.016811638423
2023-08-18 09:01:41.333469+00:00,1961.3441384096247,2092.432602177874,203.86652794824218,8.469268635965886,-2.3621521364990654,1.666667,61.86637620451849,6.872318262366252,5308.74288574191
2023-08-18 09:01:43.000136+00:00,1953.9890103546707,2078.7504241161205,201.79975825134278,9.441484179218108,-2.012016470862782,1.666667,61.86649925130196,6.872177895926758,5322.691301460707
2023-08-18 09:01:44.666803+00:00,1946.9455135832857,2065.730115800095,198.79975256507873,8.806483520038164,-2.0900663435374063,1.666667,61.8666163457478,6.872043476708494,5336.067014438745
2023-08-18 09:01:46.333470+00:00,1938.6238744585035,2053.675958859476,195.73314098358154,8.830928848970679,-2.1922769760635274,1.666667,61.86672475138558,6.871884665217251,5349.939100487875
2023-08-18 09:01:48.000137+00:00,1929.1998146738488,2041.5348015970703,193.59981430226136,9.368803788008188,-2.237441855620477,1.666667,61.86683393943605,6.871704814953916,5364.77251721136
2023-08-18 09:01:49.666804+00:00,1918.1199944289258,2030.2294025454228,191.2664754180908,9.515695361183962,-2.3675924754062394,1.666667,61.86693561133236,6.871493365893289,5380.4360923862805
2023-08-18 09:01:51.333471+00:00,1905.848482048787,2020.228905695283,188.66644640126037,9.463796172392133,-2.476888828225516,1.666667,61.86702554796123,6.871259174389467,5396.258518948719
2023-08-18 09:01:53.000138+00:00,1893.4525679215321,2011.514553985425,185.79975465133666,8.998705737568766,-2.5468097646940446,1.666667,61.86710391800897,6.871022608782817,5411.39915685987
2023-08-18 09:01:54.666805+00:00,1880.6232617612766,2003.5084876173082,182.93310793014527,9.135944978504773,-2.595601916158144,1.666667,61.867175918293604,6.870777772253333,5426.456273098062
2023-08-18 09:01:56.333472+00:00,1866.9740882169788,1996.3195652408915,180.26644581640625,9.275595013749875,-2.672405947383791,1.666667,61.86724056982577,6.870517289243638,5441.676932739671
2023-08-18 09:01:58.000139+00:00,1852.7642430171827,1990.0036065109684,177.59978370266722,9.33033985321068,-2.7359929949886834,1.666667,61.86729737060725,6.87024610628645,5456.829592507842
2023-08-18 09:01:59.666806+00:00,1838.3538324833887,1984.371100711814,174.93310633013917,9.286165656860488,-2.7765720652445416,1.666667,61.86734802494885,6.869971095708366,5471.7525425363365
2023-08-18 09:02:01.333473+00:00,1824.0708361759669,1979.3537368526027,172.06644726815796,9.028002275344317,-2.8081883873788036,1.666667,61.867393147186085,6.869698516723746,5486.228111567555
2023-08-18 09:02:03.000140+00:00,1810.183213933716,1974.0193124047341,169.59981010223387,8.883719981188946,-2.7531501050855156,1.666667,61.8674411208177,6.869433483120985,5500.591786344356
2023-08-18 09:02:04.666807+00:00,1797.7053929686572,1967.162639811524,167.26647121810913,8.507805455855078,-2.6180872849790915,1.666667,61.86750278435578,6.869195354391151,5514.719864283566
2023-08-18 09:02:06.333474+00:00,1785.045846064579,1959.3646398656547,165.3998352694397,9.078005574008012,-2.590910511388257,1.666667,61.86757291345412,6.868953757574446,5529.54893003211
2023-08-18 09:02:08.000141+00:00,1771.379213835079,1951.212459604421,163.19979954910278,9.625625174681916,-2.60269435716701,1.666667,61.86764622777256,6.868692941380413,5545.4037223641535
2023-08-18 09:02:09.666808+00:00,1758.5265825059032,1942.0132870364457,160.73310618188478,9.511280413737184,-2.5021139090775737,1.666667,61.867728957919034,6.868447659709677,5561.209253189731
2023-08-18 09:02:11.333475+00:00,1745.9871941272552,1931.838651239528,157.86643694953918,9.727315738176191,-2.4569728183413493,1.666667,61.867820460617075,6.86820835601748,5577.329835370985
2023-08-18 09:02:13.000142+00:00,1733.1022559795063,1922.0306912694778,155.19974134780884,9.691447236490212,-2.5039658951637502,1.666667,61.867908665720186,6.867962457798254,5593.517234198686
2023-08-18 09:02:14.666809+00:00,1719.7898980611722,1912.7788345562576,152.19974583624267,9.646203347063143,-2.539711955907184,1.666667,61.86799186966656,6.867708402631805,5609.726549304029
2023-08-18 09:02:16.333476+00:00,1706.3222546352988,1904.4497427599536,149.06644246813966,9.506752497407854,-2.603226892216018,1.666667,61.868066774988655,6.867451383971908,5625.523539347124
2023-08-18 09:02:18.000143+00:00,1691.9044658573216,1897.5374016025398,146.59977730264282,9.582471187311809,-2.7282302632581263,1.666667,61.86812893916616,6.867176232586233,5641.2699920639925
2023-08-18 09:02:19.666810+00:00,1677.0460991705856,1892.2124811358638,143.79973996505737,9.402274983653495,-2.805544222397328,1.666667,61.868176827326415,6.866892673141323,5656.466568206812
2023-08-18 09:02:21.333477+00:00,1662.7279462565193,1888.0868107319584,141.1331352504425,8.872915023916923,-2.874058552750884,1.666667,61.868213930371745,6.866619423222402,5670.549720718507
2023-08-18 09:02:23.000144+00:00,1648.4229481031223,1884.7222154228043,138.59980450219726,8.656530566454308,-2.9300609486441975,1.666667,61.86824418890431,6.866346424351036,5684.210051025759
2023-08-18 09:02:24.666811+00:00,1633.6772899355456,1880.7548325952491,136.26646561813354,9.19353223114783,-2.866784000185903,1.666667,61.86827986843527,6.866065015853522,5698.604427553436
2023-08-18 09:02:26.333478+00:00,1618.8467050019512,1876.5141970247187,133.99982131417846,9.251088529579286,-2.870994398729417,1.666667,61.86831800538719,6.86578198660003,5713.246341463532
2023-08-18 09:02:28.000145+00:00,1603.856534330019,1873.743054741539,131.7997710508728,9.130521901574387,-2.989934048856741,1.666667,61.86834292686847,6.865495911786798,5727.222081518043
2023-08-18 09:02:29.666812+00:00,1588.7390221556664,1870.5336402335201,129.1331038530884,9.316110596775674,-2.904937215839358,1.666667,61.86837178982656,6.865207406767979,5741.581900787421
2023-08-18 09:02:31.333479+00:00,1573.6610271614547,1865.6156196350878,126.73312838363647,9.543036850727665,-2.81894293770183,1.666667,61.86841601864839,6.864919655901343,5756.874771359515
2023-08-18 09:02:33.000146+00:00,1558.5127576920418,1861.9529641595784,124.1997925491333,9.288043549964106,-2.9426067375554146,1.666667,61.86844895770043,6.864630563905388,5771.556453206997
2023-08-18 09:02:34.666813+00:00,1543.333746255904,1859.629095348088,121.99982439933014,9.223480774669508,-2.9860217473336936,1.666667,61.86846985675474,6.864340885224826,5785.565535430965
2023-08-18 09:02:36.333480+00:00,1528.0536965053152,1856.8174598080802,119.99982399932861,9.35264309210749,-2.955498682198942,1.666667,61.86849514240064,6.864049278312922,5799.954399695311
2023-08-18 09:02:38.000147+00:00,1512.4310810613429,1854.5247610664558,117.99979419977569,9.513642793051947,-3.0158653697649385,1.666667,61.86851576113578,6.863751133822566,5814.385562620492
2023-08-18 09:02:39.666814+00:00,1497.0983954947483,1852.4369612970302,115.79982370907592,9.218359844938325,-2.9927490344927348,1.666667,61.86853453717019,6.863458522400334,5828.499425759325
2023-08-18 09:02:41.333481+00:00,1482.31323194414,1849.3301553811166,113.79982076594544,9.049762427287565,-2.925001178627917,1.666667,61.86856247734705,6.863176359975776,5842.7119524978925
2023-08-18 09:02:43.000148+00:00,1467.2937514508326,1846.789015038677,111.79984025141907,9.203864891263684,-3.0013938562912097,1.666667,61.86858533037119,6.862889725809228,5856.851825930618
2023-08-18 09:02:44.666815+00:00,1451.9617519941874,1845.7016521948535,109.96650273672104,9.21615441851449,-3.059252748149637,1.666667,61.86859510926018,6.862597127480829,5870.541870604734
2023-08-18 09:02:46.333482+00:00,1437.0851310793978,1843.8095107601273,107.73312418365478,8.938642477730118,-2.997193823183353,1.666667,61.86861212569691,6.862313219669312,5884.283170912567
2023-08-18 09:02:48.000149+00:00,1422.437541622437,1841.5137661604494,105.39976312610627,8.90688797297247,-2.9977510640641927,1.666667,61.86863277182412,6.862033682730748,5898.062352603409
2023-08-18 09:02:49.666816+00:00,1407.6201481848145,1840.9235599557824,102.86645963427735,8.890749592745559,-3.1171382876336278,1.666667,61.86863807967603,6.861750905225873,5911.157888397221
2023-08-18 09:02:51.333483+00:00,1392.9857873939427,1840.448119725335,100.53312329114533,8.754826636949296,-3.096855631266828,1.666667,61.868642355412746,6.861471620745286,5924.07322021538
2023-08-18 09:02:53.000150+00:00,1378.6178469147167,1839.006660001034,97.99982000045776,8.632577705231725,-3.033427168864163,1.666667,61.86865531877149,6.8611974206725135,5937.269067214296
2023-08-18 09:02:54.666817+00:00,1364.0302796476724,1839.1807822459225,95.99981959931183,8.803269101030828,3.10062739261541,1.666667,61.86865375285252,6.8609190292070155,5949.8965337352965
2023-08-18 09:02:56.333484+00:00,1349.1777337670912,1840.6533751225752,93.733121383667,8.974422059971362,3.041038300633801,1.666667,61.86864050950661,6.8606355808473,5962.1674116846
2023-08-18 09:02:58.000151+00:00,1334.3721035890364,1841.3368322660967,91.3997297254181,8.84505886236016,3.1120809148096447,1.666667,61.86863436302885,6.8603530278343525,5974.8260730234115
2023-08-18 09:02:59.666818+00:00,1320.1066614548856,1842.6355795974753,88.53309069160461,8.590778358512983,3.0248657731163977,1.666667,61.8686226831135,6.860080783856381,5986.76649002502
2023-08-18 09:03:01.333485+00:00,1305.601026780764,1846.065626080932,86.13311896526336,9.075521569177614,2.8868920706059202,1.666667,61.86859183596438,6.859803956005583,5997.970750062187
2023-08-18 09:03:03.000152+00:00,1290.34149726727,1850.2006776624016,83.3996975258789,9.568439579379916,2.884542753499819,1.666667,61.86855464855209,6.859512740705163,6009.587468599375
2023-08-18 09:03:04.666819+00:00,1275.7276915382436,1854.3886474951828,80.06636352587891,9.005310270207612,2.8446897408241,1.666667,61.868516985234535,6.859233848500661,6020.694502818823
2023-08-18 09:03:06.333486+00:00,1262.4900967063318,1860.2637182531591,77.33312214289856,8.661503359623065,2.6930421463779335,1.666667,61.86846414945384,6.858981220124904,6029.893823314742
2023-08-18 09:03:08.000153+00:00,1249.2492813514286,1866.632289781805,74.99978579976654,8.909795401026154,2.723680622899387,1.666667,61.8684068755141,6.858728530288171,6038.965203705975
2023-08-18 09:03:09.666820+00:00,1234.1960871047006,1869.1391037047474,72.66644945663452,9.23740278114111,3.0415742702248743,1.666667,61.86838433119487,6.8584412527229635,6051.436296746194
2023-08-18 09:03:11.333487+00:00,1218.8473032713018,1867.8837503346606,70.33312074289704,9.208502892763216,-3.0303595335203224,1.666667,61.868395620858955,6.858148334078836,6065.8336333901325
2023-08-18 09:03:13.000154+00:00,1203.7605455503387,1865.429214743911,67.99981520046997,9.19292643657832,-2.9662974761894882,1.666667,61.86841769502785,6.857860415982921,6080.524569476802
2023-08-18 09:03:14.666821+00:00,1189.0573894335848,1860.1785900063257,65.86645263426972,9.427672132699985,-2.7585807103656568,1.666667,61.868464915030565,6.857579818601338,6096.065388614077
2023-08-18 09:03:16.333488+00:00,1175.259033246859,1851.9299387060892,63.999815671447756,9.705368455972588,-2.5737855979193207,1.666667,61.8685390969339,6.85731648856625,6112.061353623565
2023-08-18 09:03:18.000155+00:00,1161.7812742477713,1843.1347988454781,61.599750474357606,9.55544231415014,-2.571884571530925,1.666667,61.86861819352694,6.857059276859136,6128.00191662096
2023-08-18 09:03:19.666822+00:00,1148.6679797983122,1834.560108274063,58.933085817489626,9.49066062635433,-2.5561482794290837,1.666667,61.86869530757189,6.856809020651746,6143.522317097157
2023-08-18 09:03:21.333489+00:00,1136.2883563633836,1824.5965839745456,56.46641810886383,9.517692902481702,-2.436276250316455,1.666667,61.868784911698626,6.856572765939273,6158.980667092758
2023-08-18 09:03:23.000156+00:00,1124.4925971386078,1813.552091548675,53.799687237060546,9.860553739674941,-2.391797518503859,1.666667,61.86888423720527,6.856347653784715,6174.3884185455545
2023-08-18 09:03:24.666823+00:00,1111.4729363147428,1803.0109305960684,50.33298812831497,10.121311033677216,-2.476318612851231,1.666667,61.86897903614324,6.8560991844964025,6190.694681645248
2023-08-18 09:03:26.333490+00:00,1097.9161652890675,1792.522489680994,47.266415745925904,10.25897079675741,-2.4749041955259212,1.666667,61.86907336095851,6.855840464911144,6207.470161395137
2023-08-18 09:03:28.000157+00:00,1086.901230451815,1781.3131822362673,44.9999215,9.141277807415465,-2.2867118768525283,1.666667,61.869174168682235,6.8556302541340095,6222.287531063613
2023-08-18 09:03:29.666824+00:00,1078.4794279333764,1768.9405464490435,44.166588,8.998152222663643,-2.1884103763005847,1.666667,61.86928543846909,6.85546953110855,6235.319201076122
2023-08-18 09:03:31.333491+00:00,1069.3489537750206,1755.9092017021621,42.93320821737289,9.452414724223555,-2.179820300060978,1.666667,61.86940263216794,6.8552952836802366,6249.312698358201
2023-08-18 09:03:33.000158+00:00,1060.1930305859642,1742.6527151526707,41.399811925758364,9.652300572148633,-2.1686428745563364,1.666667,61.86952185061566,6.855120550578553,6263.458240673645
2023-08-18 09:03:34.666825+00:00,1051.8554199144808,1730.0083197499953,39.39981025419235,8.963886263040726,-2.1605058251365907,1.666667,61.86963556439546,6.8549614342837595,6276.6395115673795
2023-08-18 09:03:36.333492+00:00,1042.13254874207,1718.429593300161,37.1331104374237,9.16616829080237,-2.303128675610465,1.666667,61.869739694384116,6.854775881456137,6290.590899427635
2023-08-18 09:03:38.000159+00:00,1030.3704522919177,1708.2427226978036,34.79974483730316,9.358370446245221,-2.4595076504952957,1.666667,61.869831307112406,6.85455141172735,6305.726111570354
2023-08-18 09:03:39.666826+00:00,1017.8178954800762,1699.7862711616906,32.13307890856552,8.978007179395313,-2.568914468022016,1.666667,61.86990735780817,6.854311856726669,6320.767281812722
2023-08-18 09:03:41.333493+00:00,1004.4981505334121,1694.3002023701172,30.266507381469726,8.554263257520471,-2.8044113348581328,1.666667,61.86995669521012,6.85405766058499,6335.113702271975
2023-08-18 09:03:43.000160+00:00,992.0279830110743,1692.1475399256826,28.79974323730469,7.294972381911496,-3.007062593746924,1.666667,61.86997605456859,6.853819677914679,6347.169145536853
2023-08-18 09:03:44.666827+00:00,983.5411503002641,1692.8031360519617,25.999711399816512,4.9208948860586395,3.037217817359588,1.666667,61.86997015865098,6.853657713842634,6354.406479215406
2023-08-18 09:03:46.333494+00:00,975.691066413397,1693.5952438081179,23.533204291496276,4.720319474528093,3.061891874836826,1.666667,61.86996303505479,6.853507901586927,6361.025889881749
2023-08-18 09:03:48.000161+00:00,968.7239350271011,1693.6295178338232,22.3999030186224,3.9401978510321642,3.1250235274980107,1.666667,61.869962726821065,6.853374939737879,6367.2134324155095
2023-08-18 09:03:49.666828+00:00,962.8385554314254,1694.5848437608972,21.399903772296906,3.6322804688366794,3.006673861801138,1.666667,61.869954135368594,6.853262622212917,6372.026399698698
2023-08-18 09:03:51.333495+00:00,956.8555623694027,1695.732811565349,21.066651178158125,3.5987662640166147,2.9725921225332343,1.666667,61.8699438114461,6.85314844181696,6376.854588535781
2023-08-18 09:03:53.000162+00:00,950.8481807091401,1696.9289106935553,20.89998437219429,3.6257399086417936,2.96262513726254,1.666667,61.869933054668216,6.8530337959850955,6381.686580458405
2023-08-18 09:03:54.666829+00:00,944.8407990488774,1698.1250098217615,20.733317566230458,3.6530683973883433,2.952806314038014,1.666667,61.86992229789033,6.852919150153231,6386.518572381029
2023-08-18 09:03:56.333496+00:00,938.6410483429758,1699.240294022133,20.53330092703247,3.849836450158213,2.9754076157291034,1.666667,61.86991226789854,6.85280083311975,6391.5622234720195
2023-08-18 09:03:58.000163+00:00,932.3575655530991,1699.899680296087,20.349991754679202,4.034235172693985,3.031779063469127,1.666667,61.869906337895316,6.852680918129795,6396.902396500869
2023-08-18 09:03:59.666830+00:00,926.5307469484252,1700.4705457890946,20.266658881516456,3.7444802991065242,3.038113369699502,1.666667,61.8699012039786,6.852569718192146,6401.876319462746
2023-08-18 09:04:01.333497+00:00,920.9514699645373,1701.1623750143626,20.200000762939453,3.434977723692873,3.0299070572159446,1.666667,61.8698949822089,6.852463242378356,6406.576994174985
2023-08-18 09:04:03.000164+00:00,916.3617522947752,1702.3377624693533,20.200000762939453,3.0575679020022317,2.949294460343434,1.666667,61.869884411695566,6.852375651472695,6410.185346110798
2023-08-18 09:04:04.666831+00:00,911.7900953778393,1703.6612748620173,20.177772978147505,2.846013564460886,2.8822233970192728,1.666667,61.86987250906266,6.852288405241328,6413.719208205043
2023-08-18 09:04:06.333498+00:00,907.2455184719746,1705.206883475738,20.122217199553173,2.8552308172620884,2.860658070544709,1.666667,61.869858609070455,6.852201675809221,6417.141381392755
2023-08-18 09:04:08.000165+00:00,902.7009415661099,1706.752492089459,20.066661420958837,2.8657670327270464,2.8392414146897367,1.666667,61.869844709078244,6.852114946377115,6420.563554580467
2023-08-18 09:04:09.666832+00:00,898.1563646602451,1708.2981007031801,20.0111056423645,2.877607722946528,2.8179913245956945,1.666667,61.86983080908604,6.8520282169450075,6423.985727768179
2023-08-18 09:04:11.333499+00:00,893.4504932959719,1709.534524349729,19.799999237060547,2.943402231387522,2.8972001729921626,1.666667,61.86981968966104,6.851938409343674,6427.698108999305
2023-08-18 09:04:13.000166+00:00,888.8279187919394,1710.4431688175205,19.79996603714498,2.8266451318172745,2.9474945602246416,1.666667,61.869811518025024,6.851850191392936,6431.482504816626
2023-08-18 09:04:14.666833+00:00,885.0458547897433,1710.546727183599,19.466633484855652,2.508687871629015,3.031023281350516,1.666667,61.869810586702265,6.851778013878968,6434.85668177011
2023-08-18 09:04:16.333500+00:00,881.433214288742,1710.9466105058602,19.133300508499147,2.1301911308962933,2.972512224325216,1.666667,61.86980699046515,6.851709069670178,6437.951655120618
2023-08-18 09:04:18.000167+00:00,879.9101320405181,1712.4285136236463,18.899982918466566,1.3863987900508585,2.4356808933085565,1.666667,61.86979366339023,6.851680002925093,6438.697828291419
2023-08-18 09:04:19.666834+00:00,879.991551746868,1713.7177841144035,18.799999237060547,0.7890932672080487,1.1612663968341261,1.666667,61.86978206870215,6.851681556751784,6438.075367147772
